2023-08-01T00:00,22.2,81,0.01,8.0,0.0
2023-08-01T01:00,22.3,76,0.02,9.4,0.0
2023-08-01T02:00,22.2,73,0.03,9.8,0.0
2023-08-01T03:00,22.4,71,0.03,9.5,0.0
2023-08-01T04:00,23.2,66,0.07,10.0,55.0
2023-08-01T05:00,25.2,64,0.17,11.1,197.0
2023-08-01T06:00,26.7,61,0.29,11.2,379.0
2023-08-01T07:00,28.3,63,0.41,11.7,552.0
2023-08-01T08:00,29.6,58,0.54,12.6,720.0
2023-08-01T09:00,30.6,55,0.64,14.7,848.0
2023-08-01T10:00,31.3,52,0.71,15.5,936.0
2023-08-01T11:00,31.5,52,0.71,16.7,921.0
2023-08-01T12:00,31.2,53,0.66,17.3,850.0
2023-08-01T13:00,30.7,54,0.56,16.3,719.0
2023-08-01T14:00,29.9,57,0.43,14.9,543.0
2023-08-01T15:00,29.0,61,0.28,12.5,340.0
2023-08-01T16:00,28.0,65,0.13,9.0,143.0
2023-08-01T17:00,27.0,70,0.04,5.9,14.0
2023-08-01T18:00,26.5,73,0.00,3.2,0.0
2023-08-01T19:00,25.9,78,0.00,3.1,0.0
2023-08-01T20:00,25.3,81,0.00,4.2,0.0
2023-08-01T21:00,24.8,84,0.00,5.0,0.0
2023-08-01T22:00,24.4,85,0.01,7.3,0.0
2023-08-01T23:00,24.3,83,0.01,8.0,0.0
2023-08-02T00:00,24.4,80,0.01,7.8,0.0
2023-08-02T01:00,24.1,80,0.01,7.2,0.0
2023-08-02T02:00,23.9,80,0.01,6.7,0.0
2023-08-02T03:00,24.0,79,0.01,6.9,0.0
2023-08-02T04:00,24.6,76,0.06,8.7,48.0
2023-08-02T05:00,25.9,68,0.16,10.6,187.0
2023-08-02T06:00,27.5,59,0.30,12.2,369.0
2023-08-02T07:00,28.7,57,0.43,13.5,556.0
2023-08-02T08:00,30.1,52,0.58,13.7,765.0
2023-08-02T09:00,31.0,50,0.67,14.7,869.0
2023-08-02T10:00,31.6,49,0.73,14.5,946.0
2023-08-02T11:00,31.6,51,0.71,14.8,933.0
2023-08-02T12:00,31.2,54,0.65,15.0,857.0
2023-08-02T13:00,30.6,57,0.56,14.8,726.0
2023-08-02T14:00,30.0,58,0.43,14.2,549.0
2023-08-02T15:00,29.2,59,0.29,12.6,345.0
2023-08-02T16:00,28.2,62,0.14,10.0,144.0
2023-08-02T17:00,27.4,66,0.06,7.4,14.0
2023-08-02T18:00,26.8,69,0.01,4.2,0.0
2023-08-02T19:00,25.9,81,0.00,2.6,0.0
2023-08-02T20:00,25.6,81,0.00,0.4,0.0
2023-08-02T21:00,24.3,88,0.00,2.2,0.0
2023-08-02T22:00,23.5,92,0.00,1.9,0.0
2023-08-02T23:00,23.3,91,0.00,2.8,0.0
2023-08-03T00:00,23.1,87,0.00,3.6,0.0
2023-08-03T01:00,23.0,83,0.00,3.9,0.0
2023-08-03T02:00,22.9,81,0.00,4.1,0.0
2023-08-03T03:00,22.8,81,0.00,5.0,0.0
2023-08-03T04:00,23.6,77,0.05,7.2,46.0
2023-08-03T05:00,25.8,69,0.16,9.0,198.0
2023-08-03T06:00,27.5,60,0.30,9.7,394.0
2023-08-03T07:00,28.9,61,0.44,10.2,595.0
2023-08-03T08:00,30.3,54,0.57,11.3,756.0
2023-08-03T09:00,31.2,51,0.67,12.8,878.0
2023-08-03T10:00,31.7,51,0.72,13.7,947.0
2023-08-03T11:00,31.7,52,0.71,14.6,934.0
2023-08-03T12:00,31.4,54,0.66,15.8,857.0
2023-08-03T13:00,30.7,57,0.56,17.1,723.0
2023-08-03T14:00,29.9,59,0.43,16.5,544.0
2023-08-03T15:00,29.1,62,0.28,13.8,340.0
2023-08-03T16:00,28.1,66,0.14,11.2,141.0
2023-08-03T17:00,27.2,70,0.06,8.4,13.0
2023-08-03T18:00,26.7,73,0.02,5.8,0.0
2023-08-03T19:00,26.1,75,0.00,3.2,0.0
2023-08-03T20:00,25.8,76,0.00,1.1,0.0
2023-08-03T21:00,25.2,80,0.00,1.3,0.0
2023-08-03T22:00,24.5,84,0.00,2.4,0.0
2023-08-03T23:00,24.1,86,0.00,2.1,0.0
2023-08-04T00:00,24.1,86,0.00,2.8,0.0
2023-08-04T01:00,24.5,84,0.00,2.6,0.0
2023-08-04T02:00,24.5,84,0.00,3.7,0.0
2023-08-04T03:00,24.4,84,0.00,2.9,0.0
2023-08-04T04:00,24.5,84,0.03,1.9,43.0
2023-08-04T05:00,25.9,76,0.13,2.4,195.0
2023-08-04T06:00,27.6,66,0.27,4.3,371.0
2023-08-04T07:00,29.1,63,0.41,7.2,551.0
2023-08-04T08:00,30.5,56,0.56,10.0,743.0
2023-08-04T09:00,31.5,53,0.67,12.0,878.0
2023-08-04T10:00,32.1,51,0.71,12.8,925.0
2023-08-04T11:00,32.4,50,0.71,15.0,910.0
2023-08-04T12:00,32.4,50,0.67,17.1,836.0
2023-08-04T13:00,31.8,52,0.58,18.3,705.0
2023-08-04T14:00,30.9,54,0.45,17.3,530.0
2023-08-04T15:00,29.9,57,0.30,15.1,330.0
2023-08-04T16:00,28.9,61,0.16,13.3,135.0
2023-08-04T17:00,28.0,66,0.08,11.9,12.0
2023-08-04T18:00,27.3,70,0.04,9.8,0.0
2023-08-04T19:00,26.5,74,0.02,7.0,0.0
2023-08-04T20:00,26.1,75,0.01,4.6,0.0
2023-08-04T21:00,25.6,79,0.00,3.6,0.0
2023-08-04T22:00,25.3,80,0.00,4.7,0.0
2023-08-04T23:00,24.9,82,0.00,4.5,0.0
2023-08-05T00:00,25.0,82,0.00,4.2,0.0
2023-08-05T01:00,24.6,84,0.00,4.0,0.0
2023-08-05T02:00,24.0,87,0.00,5.9,0.0
2023-08-05T03:00,23.8,89,0.00,5.2,0.0
2023-08-05T04:00,24.5,85,0.03,3.1,41.0
2023-08-05T05:00,26.4,76,0.13,4.6,179.0
2023-08-05T06:00,27.9,67,0.28,6.2,380.0
2023-08-05T07:00,29.5,64,0.44,8.6,590.0
2023-08-05T08:00,30.7,58,0.56,11.2,735.0
2023-08-05T09:00,31.3,55,0.66,13.8,870.0
2023-08-05T10:00,31.5,54,0.70,13.8,922.0
2023-08-05T11:00,31.7,53,0.70,14.8,909.0
2023-08-05T12:00,31.5,52,0.65,15.6,833.0
2023-08-05T13:00,31.1,52,0.56,15.5,702.0
2023-08-05T14:00,30.4,54,0.43,14.2,527.0
2023-08-05T15:00,29.5,56,0.28,11.5,328.0
2023-08-05T16:00,28.6,60,0.14,9.3,133.0
2023-08-05T17:00,27.7,65,0.06,7.4,11.0
2023-08-05T18:00,27.2,68,0.02,5.7,0.0
2023-08-05T19:00,26.3,76,0.01,5.5,0.0
2023-08-05T20:00,25.9,79,0.01,5.5,0.0
2023-08-05T21:00,25.5,81,0.00,4.7,0.0
2023-08-05T22:00,25.1,83,0.00,5.1,0.0
2023-08-05T23:00,24.8,86,0.00,3.2,0.0
2023-08-06T00:00,24.8,85,0.00,3.1,0.0
2023-08-06T01:00,24.2,89,0.00,3.3,0.0
2023-08-06T02:00,23.6,91,0.00,4.6,0.0
2023-08-06T03:00,23.4,92,0.00,5.2,0.0
2023-08-06T04:00,24.5,85,0.03,5.3,43.0
2023-08-06T05:00,26.2,74,0.14,7.0,196.0
2023-08-06T06:00,27.7,64,0.28,8.4,376.0
2023-08-06T07:00,29.0,64,0.43,9.0,586.0
2023-08-06T08:00,30.2,57,0.56,10.5,749.0
2023-08-06T09:00,31.2,53,0.66,12.5,872.0
2023-08-06T10:00,31.7,50,0.71,13.2,924.0
2023-08-06T11:00,31.9,49,0.71,15.8,910.0
2023-08-06T12:00,31.7,49,0.66,17.1,835.0
2023-08-06T13:00,31.3,50,0.57,17.3,703.0
2023-08-06T14:00,30.5,53,0.44,17.1,528.0
2023-08-06T15:00,29.5,57,0.30,16.1,328.0
2023-08-06T16:00,28.4,63,0.15,12.9,132.0
2023-08-06T17:00,27.4,69,0.07,9.7,11.0
2023-08-06T18:00,26.8,73,0.02,7.3,0.0
2023-08-06T19:00,26.0,77,0.01,5.1,0.0
2023-08-06T20:00,25.7,79,0.00,3.4,0.0
2023-08-06T21:00,25.3,82,0.00,3.6,0.0
2023-08-06T22:00,24.8,85,0.00,4.5,0.0
2023-08-06T23:00,24.4,87,0.00,4.8,0.0
2023-08-07T00:00,24.2,88,0.00,5.4,0.0
2023-08-07T01:00,24.0,89,0.00,5.5,0.0
2023-08-07T02:00,23.8,89,0.00,5.2,0.0
2023-08-07T03:00,23.7,89,0.00,5.2,0.0
2023-08-07T04:00,24.3,85,0.03,2.9,43.0
2023-08-07T05:00,25.9,70,0.14,3.6,199.0
2023-08-07T06:00,27.3,61,0.27,5.8,372.0
2023-08-07T07:00,28.8,58,0.43,8.6,587.0
2023-08-07T08:00,29.9,54,0.56,11.2,748.0
2023-08-07T09:00,30.6,50,0.64,13.0,844.0
2023-08-07T10:00,30.9,49,0.70,12.5,926.0
2023-08-07T11:00,30.9,49,0.70,14.7,912.0
2023-08-07T12:00,30.7,50,0.64,15.8,838.0
2023-08-07T13:00,30.1,51,0.55,16.3,706.0
2023-08-07T14:00,29.4,53,0.43,15.8,531.0
2023-08-07T15:00,28.5,55,0.29,14.6,329.0
2023-08-07T16:00,27.6,58,0.15,11.7,132.0
2023-08-07T17:00,26.7,62,0.07,8.4,10.0
2023-08-07T18:00,26.2,65,0.03,6.5,0.0
2023-08-07T19:00,25.8,67,0.01,4.4,0.0
2023-08-07T20:00,25.3,70,0.00,3.1,0.0
2023-08-07T21:00,24.6,76,0.00,3.1,0.0
2023-08-07T22:00,24.7,74,0.00,1.1,0.0
2023-08-07T23:00,24.0,78,0.00,0.8,0.0
2023-08-08T00:00,23.3,82,0.00,2.3,0.0
2023-08-08T01:00,22.9,83,0.00,4.6,0.0
2023-08-08T02:00,22.6,84,0.00,6.1,0.0
2023-08-08T03:00,22.5,82,0.00,5.4,0.0
2023-08-08T04:00,23.2,76,0.04,5.5,45.0
2023-08-08T05:00,26.2,60,0.16,5.9,211.0
2023-08-08T06:00,27.6,55,0.30,6.6,406.0
2023-08-08T07:00,28.5,55,0.43,8.3,588.0
2023-08-08T08:00,29.4,52,0.53,10.9,699.0
2023-08-08T09:00,30.2,49,0.66,13.3,867.0
2023-08-08T10:00,30.5,49,0.70,14.1,925.0
2023-08-08T11:00,30.4,49,0.69,15.6,916.0
2023-08-08T12:00,30.1,48,0.64,15.6,843.0
2023-08-08T13:00,29.6,49,0.55,15.5,710.0
2023-08-08T14:00,29.0,50,0.43,14.6,534.0
2023-08-08T15:00,28.3,51,0.29,13.6,329.0
2023-08-08T16:00,27.5,54,0.15,11.2,130.0
2023-08-08T17:00,26.8,58,0.07,7.9,10.0
2023-08-08T18:00,26.3,61,0.03,5.7,0.0
2023-08-08T19:00,25.5,66,0.01,3.4,0.0
2023-08-08T20:00,25.2,67,0.00,1.3,0.0
2023-08-08T21:00,24.8,69,0.00,1.5,0.0
2023-08-08T22:00,24.0,74,0.00,0.4,0.0
2023-08-08T23:00,23.4,76,0.00,1.3,0.0
2023-08-09T00:00,23.0,79,0.00,2.5,0.0
2023-08-09T01:00,22.8,79,0.00,3.2,0.0
2023-08-09T02:00,22.9,78,0.00,4.1,0.0
2023-08-09T03:00,22.6,79,0.00,4.4,0.0
2023-08-09T04:00,23.2,76,0.03,4.7,42.0
2023-08-09T05:00,25.9,66,0.14,4.8,204.0
2023-08-09T06:00,27.3,58,0.29,5.4,401.0
2023-08-09T07:00,28.7,54,0.42,7.4,557.0
2023-08-09T08:00,29.9,50,0.56,9.7,741.0
2023-08-09T09:00,30.7,48,0.66,12.4,868.0
2023-08-09T10:00,31.1,46,0.71,13.8,928.0
2023-08-09T11:00,31.2,46,0.71,15.1,916.0
2023-08-09T12:00,30.9,46,0.66,15.8,843.0
2023-08-09T13:00,30.3,48,0.57,16.5,710.0
2023-08-09T14:00,29.5,51,0.44,15.6,531.0
2023-08-09T15:00,28.6,55,0.29,14.5,326.0
2023-08-09T16:00,27.6,60,0.15,12.2,128.0
2023-08-09T17:00,26.8,65,0.07,10.0,9.0
2023-08-09T18:00,26.3,69,0.03,7.7,0.0
2023-08-09T19:00,25.9,69,0.01,4.8,0.0
2023-08-09T20:00,25.4,73,0.01,4.2,0.0
2023-08-09T21:00,25.2,74,0.00,2.5,0.0
2023-08-09T22:00,24.9,75,0.00,1.8,0.0
2023-08-09T23:00,24.2,78,0.00,3.4,0.0
2023-08-10T00:00,23.9,79,0.00,4.1,0.0
2023-08-10T01:00,23.8,79,0.00,4.6,0.0
2023-08-10T02:00,23.4,80,0.00,4.8,0.0
2023-08-10T03:00,23.2,81,0.00,4.9,0.0
2023-08-10T04:00,23.9,78,0.04,5.8,38.0
2023-08-10T05:00,25.6,73,0.13,6.2,181.0
2023-08-10T06:00,26.9,66,0.28,7.4,385.0
2023-08-10T07:00,28.5,61,0.39,9.0,517.0
2023-08-10T08:00,29.7,55,0.52,11.5,688.0
2023-08-10T09:00,30.6,51,0.65,14.8,856.0
2023-08-10T10:00,31.0,50,0.69,15.7,909.0
2023-08-10T11:00,30.8,52,0.68,17.9,898.0
2023-08-10T12:00,30.4,54,0.63,18.6,823.0
2023-08-10T13:00,29.9,56,0.54,18.2,701.0
2023-08-10T14:00,29.3,58,0.42,17.2,518.0
2023-08-10T15:00,28.6,61,0.28,16.9,319.0
2023-08-10T16:00,27.8,65,0.15,14.7,124.0
2023-08-10T17:00,27.0,71,0.07,11.5,8.0
2023-08-10T18:00,26.6,73,0.03,8.4,0.0
2023-08-10T19:00,26.0,76,0.01,6.5,0.0
2023-08-10T20:00,25.8,78,0.01,5.5,0.0
2023-08-10T21:00,25.2,81,0.00,5.0,0.0
2023-08-10T22:00,24.8,83,0.00,3.1,0.0
2023-08-10T23:00,24.7,83,0.00,4.1,0.0
2023-08-11T00:00,24.3,84,0.00,4.8,0.0
2023-08-11T01:00,24.4,82,0.00,5.5,0.0
2023-08-11T02:00,24.3,81,0.01,6.3,0.0
2023-08-11T03:00,24.4,80,0.01,7.2,0.0
2023-08-11T04:00,24.6,79,0.04,7.2,37.0
2023-08-11T05:00,25.7,75,0.13,7.7,169.0
2023-08-11T06:00,27.1,68,0.27,7.9,368.0
2023-08-11T07:00,28.2,66,0.37,9.2,502.0
2023-08-11T08:00,29.6,60,0.54,10.8,723.0
2023-08-11T09:00,30.6,55,0.63,12.8,830.0
2023-08-11T10:00,31.3,53,0.70,14.4,916.0
2023-08-11T11:00,31.5,52,0.70,15.7,913.0
2023-08-11T12:00,31.2,53,0.65,17.0,838.0
2023-08-11T13:00,30.6,56,0.55,17.7,705.0
2023-08-11T14:00,29.8,59,0.42,18.0,526.0
2023-08-11T15:00,29.0,63,0.28,17.3,321.0
2023-08-11T16:00,28.0,69,0.14,15.7,123.0
2023-08-11T17:00,27.2,74,0.07,12.6,8.0
2023-08-11T18:00,26.6,77,0.03,10.1,0.0
2023-08-11T19:00,25.9,78,0.02,7.6,0.0
2023-08-11T20:00,25.5,80,0.01,6.1,0.0
2023-08-11T21:00,24.8,84,0.00,5.9,0.0
2023-08-11T22:00,24.1,88,0.00,3.9,0.0
2023-08-11T23:00,23.7,90,0.00,3.6,0.0
2023-08-12T00:00,23.5,89,0.00,3.3,0.0
2023-08-12T01:00,23.2,89,0.00,3.1,0.0
2023-08-12T02:00,23.0,89,0.00,2.3,0.0
2023-08-12T03:00,22.8,89,0.00,2.4,0.0
2023-08-12T04:00,23.3,86,0.02,3.1,40.0
2023-08-12T05:00,25.9,67,0.13,2.3,204.0
2023-08-12T06:00,27.5,57,0.29,5.4,406.0
2023-08-12T07:00,28.9,56,0.42,8.0,568.0
2023-08-12T08:00,30.0,52,0.55,10.3,729.0
2023-08-12T09:00,30.7,50,0.64,12.7,827.0
2023-08-12T10:00,31.1,49,0.70,12.4,919.0
2023-08-12T11:00,31.3,49,0.71,16.3,921.0
2023-08-12T12:00,31.1,50,0.66,18.0,847.0
2023-08-12T13:00,30.4,52,0.56,19.4,712.0
2023-08-12T14:00,29.5,55,0.44,19.1,531.0
2023-08-12T15:00,28.5,58,0.29,17.6,324.0
2023-08-12T16:00,27.4,64,0.15,15.9,124.0
2023-08-12T17:00,26.5,69,0.08,13.4,7.0
2023-08-12T18:00,25.9,73,0.04,11.4,0.0
2023-08-12T19:00,25.1,76,0.03,9.3,0.0
2023-08-12T20:00,24.8,77,0.01,7.1,0.0
2023-08-12T21:00,24.5,79,0.00,4.6,0.0
2023-08-12T22:00,24.0,82,0.00,6.1,0.0
2023-08-12T23:00,23.6,84,0.01,7.2,0.0
2023-08-13T00:00,23.3,84,0.01,7.6,0.0
2023-08-13T01:00,23.0,85,0.00,6.6,0.0
2023-08-13T02:00,22.8,84,0.00,6.2,0.0
2023-08-13T03:00,22.9,82,0.00,5.8,0.0
2023-08-13T04:00,23.1,80,0.04,6.1,35.0
2023-08-13T05:00,25.0,66,0.14,7.8,178.0
2023-08-13T06:00,26.4,58,0.26,8.7,338.0
2023-08-13T07:00,27.9,54,0.39,10.1,516.0
2023-08-13T08:00,29.1,49,0.54,11.9,710.0
2023-08-13T09:00,29.9,46,0.63,13.0,816.0
2023-08-13T10:00,30.6,44,0.72,13.3,939.0
2023-08-13T11:00,30.8,44,0.71,14.8,929.0
2023-08-13T12:00,30.6,45,0.66,16.2,849.0
2023-08-13T13:00,30.0,49,0.56,17.7,711.0
2023-08-13T14:00,29.2,53,0.43,18.5,524.0
2023-08-13T15:00,28.4,58,0.28,18.8,292.0
2023-08-13T16:00,27.3,65,0.15,17.2,103.0
2023-08-13T17:00,26.5,70,0.08,13.8,6.0
2023-08-13T18:00,25.9,74,0.03,9.4,0.0
2023-08-13T19:00,25.3,80,0.01,6.9,0.0
2023-08-13T20:00,25.1,82,0.01,6.5,0.0
2023-08-13T21:00,24.8,82,0.01,6.3,0.0
2023-08-13T22:00,24.7,83,0.01,8.1,0.0
2023-08-13T23:00,24.5,83,0.01,9.0,0.0
2023-08-14T00:00,24.1,83,0.01,8.5,0.0
2023-08-14T01:00,23.9,84,0.01,8.1,0.0
2023-08-14T02:00,23.8,84,0.01,8.1,0.0
2023-08-14T03:00,23.6,85,0.01,8.2,0.0
2023-08-14T04:00,24.0,85,0.04,9.5,33.0
2023-08-14T05:00,25.4,80,0.13,10.9,182.0
2023-08-14T06:00,26.8,71,0.27,9.7,375.0
2023-08-14T07:00,28.1,63,0.39,10.7,526.0
2023-08-14T08:00,29.1,58,0.51,12.4,683.0
2023-08-14T09:00,30.1,54,0.63,14.1,845.0
2023-08-14T10:00,30.6,52,0.70,16.2,924.0
2023-08-14T11:00,30.6,51,0.69,17.8,911.0
2023-08-14T12:00,30.4,51,0.64,17.9,843.0
2023-08-14T13:00,29.8,52,0.55,17.6,707.0
2023-08-14T14:00,29.1,54,0.42,16.4,526.0
2023-08-14T15:00,28.2,58,0.28,15.3,318.0
2023-08-14T16:00,27.3,63,0.14,13.0,118.0
2023-08-14T17:00,26.4,70,0.06,9.2,6.0
2023-08-14T18:00,25.9,74,0.01,5.8,0.0
2023-08-14T19:00,25.1,76,0.00,3.8,0.0
2023-08-14T20:00,24.4,81,0.00,4.0,0.0
2023-08-14T21:00,24.1,82,0.00,3.0,0.0
2023-08-14T22:00,23.7,83,0.00,4.2,0.0
2023-08-14T23:00,23.6,83,0.00,5.2,0.0
2023-08-15T00:00,23.7,81,0.00,5.0,0.0
2023-08-15T01:00,23.5,80,0.00,3.6,0.0
2023-08-15T02:00,23.0,82,0.00,2.5,0.0
2023-08-15T03:00,22.7,83,0.00,1.1,0.0
2023-08-15T04:00,23.1,81,0.02,1.1,36.0
2023-08-15T05:00,25.2,69,0.12,2.9,187.0
2023-08-15T06:00,26.6,62,0.26,4.8,376.0
2023-08-15T07:00,28.1,60,0.39,6.4,542.0
2023-08-15T08:00,29.2,54,0.53,8.4,713.0
2023-08-15T09:00,30.4,49,0.66,11.6,881.0
2023-08-15T10:00,30.9,47,0.71,13.3,932.0
2023-08-15T11:00,30.9,48,0.70,15.6,922.0
2023-08-15T12:00,30.5,50,0.65,18.1,846.0
2023-08-15T13:00,29.8,52,0.55,18.8,709.0
2023-08-15T14:00,29.1,54,0.43,17.5,526.0
2023-08-15T15:00,28.4,55,0.29,16.1,317.0
2023-08-15T16:00,27.5,58,0.16,14.7,117.0
2023-08-15T17:00,26.6,63,0.09,12.6,5.0
2023-08-15T18:00,26.0,67,0.05,10.5,0.0
2023-08-15T19:00,25.3,72,0.04,9.7,0.0
2023-08-15T20:00,24.9,74,0.03,9.0,0.0
2023-08-15T21:00,24.5,77,0.02,8.4,0.0
2023-08-15T22:00,24.1,80,0.01,7.4,0.0
2023-08-15T23:00,23.9,81,0.01,7.0,0.0
2023-08-16T00:00,23.7,83,0.01,8.1,0.0
2023-08-16T01:00,23.5,84,0.01,9.0,0.0
2023-08-16T02:00,23.5,84,0.01,9.7,0.0
2023-08-16T03:00,23.5,84,0.01,9.8,0.0
2023-08-16T04:00,23.9,82,0.04,9.7,35.0
2023-08-16T05:00,25.3,73,0.14,11.3,172.0
2023-08-16T06:00,27.0,62,0.29,11.9,386.0
2023-08-16T07:00,28.6,54,0.45,12.3,603.0
2023-08-16T08:00,30.0,48,0.60,14.5,775.0
2023-08-16T09:00,31.0,44,0.69,16.1,889.0
2023-08-16T10:00,31.5,44,0.74,18.3,940.0
2023-08-16T11:00,31.5,45,0.73,20.8,923.0
2023-08-16T12:00,31.1,48,0.67,21.8,841.0
2023-08-16T13:00,30.4,51,0.56,20.5,703.0
2023-08-16T14:00,29.7,55,0.43,19.2,519.0
2023-08-16T15:00,28.9,59,0.29,18.4,310.0
2023-08-16T16:00,27.8,65,0.15,17.1,112.0
2023-08-16T17:00,26.9,70,0.09,14.8,5.0
2023-08-16T18:00,26.4,75,0.04,12.5,0.0
2023-08-16T19:00,25.9,75,0.04,11.4,0.0
2023-08-16T20:00,25.6,78,0.03,11.9,0.0
2023-08-16T21:00,25.3,80,0.03,11.6,0.0
2023-08-16T22:00,25.1,82,0.02,11.0,0.0
2023-08-16T23:00,24.8,83,0.02,10.5,0.0
2023-08-17T00:00,24.6,84,0.01,9.3,0.0
2023-08-17T01:00,24.6,84,0.01,9.0,0.0
2023-08-17T02:00,24.6,83,0.02,10.1,0.0
2023-08-17T03:00,24.6,82,0.02,11.2,0.0
2023-08-17T04:00,24.6,81,0.05,10.8,31.0
2023-08-17T05:00,25.6,73,0.15,10.9,183.0
2023-08-17T06:00,27.0,64,0.27,10.1,357.0
2023-08-17T07:00,28.7,55,0.44,10.5,580.0
2023-08-17T08:00,30.0,50,0.57,11.7,751.0
2023-08-17T09:00,30.8,48,0.67,13.9,873.0
2023-08-17T10:00,31.1,49,0.71,16.6,926.0
2023-08-17T11:00,31.0,51,0.70,16.5,912.0
2023-08-17T12:00,30.7,53,0.64,17.1,832.0
2023-08-17T13:00,30.0,55,0.54,17.1,695.0
2023-08-17T14:00,29.2,58,0.41,16.8,514.0
2023-08-17T15:00,28.3,61,0.27,15.3,307.0
2023-08-17T16:00,27.2,65,0.13,12.9,110.0
2023-08-17T17:00,26.4,69,0.07,10.8,4.0
2023-08-17T18:00,25.9,71,0.03,8.9,0.0
2023-08-17T19:00,24.8,74,0.02,7.0,0.0
2023-08-17T20:00,24.3,77,0.01,5.6,0.0
2023-08-17T21:00,23.8,81,0.00,5.1,0.0
2023-08-17T22:00,23.5,82,0.00,1.8,0.0
2023-08-17T23:00,23.5,81,0.00,0.8,0.0
2023-08-18T00:00,23.2,83,0.00,0.8,0.0
2023-08-18T01:00,22.7,86,0.00,0.8,0.0
2023-08-18T02:00,22.1,88,0.00,1.0,0.0
2023-08-18T03:00,21.5,90,0.00,1.0,0.0
2023-08-18T04:00,22.2,87,0.01,0.5,33.0
2023-08-18T05:00,24.6,74,0.12,1.5,193.0
2023-08-18T06:00,26.1,65,0.24,4.0,348.0
2023-08-18T07:00,28.0,57,0.43,6.8,592.0
2023-08-18T08:00,29.5,51,0.57,10.2,766.0
2023-08-18T09:00,30.2,50,0.66,12.9,877.0
2023-08-18T10:00,30.5,50,0.70,14.8,922.0
2023-08-18T11:00,30.5,50,0.69,16.0,918.0
2023-08-18T12:00,30.3,50,0.63,15.2,834.0
2023-08-18T13:00,29.8,51,0.54,15.2,699.0
2023-08-18T14:00,29.2,53,0.41,13.9,516.0
2023-08-18T15:00,28.3,56,0.26,11.8,308.0
2023-08-18T16:00,27.1,60,0.11,8.9,108.0
2023-08-18T17:00,26.1,66,0.05,6.2,4.0
2023-08-18T18:00,25.5,69,0.01,3.5,0.0
2023-08-18T19:00,24.8,73,0.00,3.5,0.0
2023-08-18T20:00,23.9,78,0.00,4.1,0.0
2023-08-18T21:00,23.1,81,0.00,4.6,0.0
2023-08-18T22:00,22.8,82,0.00,6.0,0.0
2023-08-18T23:00,22.4,82,0.00,5.3,0.0
2023-08-19T00:00,21.9,82,0.00,5.2,0.0
2023-08-19T01:00,21.8,79,0.00,4.8,0.0
2023-08-19T02:00,22.0,75,0.00,4.5,0.0
2023-08-19T03:00,22.1,74,0.01,6.5,0.0
2023-08-19T04:00,22.6,71,0.05,8.0,30.0
2023-08-19T05:00,24.9,63,0.15,8.9,181.0
2023-08-19T06:00,26.6,57,0.29,10.6,377.0
2023-08-19T07:00,28.0,58,0.41,11.0,548.0
2023-08-19T08:00,29.3,52,0.55,12.1,731.0
2023-08-19T09:00,30.3,49,0.66,13.8,874.0
2023-08-19T10:00,30.7,48,0.71,15.6,940.0
2023-08-19T11:00,30.7,49,0.70,17.3,926.0
2023-08-19T12:00,30.3,51,0.64,17.8,843.0
2023-08-19T13:00,29.6,53,0.54,17.4,698.0
2023-08-19T14:00,28.7,57,0.41,16.4,514.0
2023-08-19T15:00,27.7,60,0.26,13.7,305.0
2023-08-19T16:00,26.8,63,0.11,9.5,105.0
2023-08-19T17:00,26.1,67,0.05,6.8,3.0
2023-08-19T18:00,25.5,70,0.00,3.2,0.0
2023-08-19T19:00,25.0,79,0.00,1.5,0.0
2023-08-19T20:00,24.7,79,0.00,4.6,0.0
2023-08-19T21:00,24.3,79,0.01,7.8,0.0
2023-08-19T22:00,24.1,75,0.03,10.3,0.0
2023-08-19T23:00,24.0,69,0.04,10.1,0.0
2023-08-20T00:00,23.8,66,0.05,10.1,0.0
2023-08-20T01:00,23.5,63,0.05,10.1,0.0
2023-08-20T02:00,23.3,63,0.05,10.4,0.0
2023-08-20T03:00,23.1,64,0.05,10.1,0.0
2023-08-20T04:00,23.1,65,0.07,10.8,35.0
2023-08-20T05:00,25.3,59,0.17,10.7,199.0
2023-08-20T06:00,27.2,51,0.32,10.6,406.0
2023-08-20T07:00,28.3,52,0.44,10.5,581.0
2023-08-20T08:00,29.7,47,0.57,11.0,747.0
2023-08-20T09:00,30.8,44,0.67,12.4,863.0
2023-08-20T10:00,31.4,42,0.72,14.2,927.0
2023-08-20T11:00,31.7,42,0.72,16.6,910.0
2023-08-20T12:00,31.7,42,0.67,17.9,827.0
2023-08-20T13:00,31.2,45,0.57,17.4,688.0
2023-08-20T14:00,30.3,49,0.43,16.1,504.0
2023-08-20T15:00,29.3,55,0.27,12.4,296.0
2023-08-20T16:00,28.0,62,0.11,8.5,100.0
2023-08-20T17:00,27.1,67,0.04,5.1,3.0
2023-08-20T18:00,26.7,69,0.00,2.2,0.0
2023-08-20T19:00,25.9,78,0.00,2.1,0.0
2023-08-20T20:00,25.2,80,0.00,2.7,0.0
2023-08-20T21:00,24.7,82,0.00,4.0,0.0
2023-08-20T22:00,24.7,80,0.01,7.0,0.0
2023-08-20T23:00,24.7,77,0.02,9.3,0.0
2023-08-21T00:00,24.5,77,0.03,10.5,0.0
2023-08-21T01:00,24.5,77,0.03,10.4,0.0
2023-08-21T02:00,24.4,77,0.03,10.0,0.0
2023-08-21T03:00,24.4,77,0.02,9.5,0.0
2023-08-21T04:00,24.7,75,0.06,10.2,30.0
2023-08-21T05:00,26.2,69,0.14,10.8,153.0
2023-08-21T06:00,27.5,63,0.28,11.3,358.0
2023-08-21T07:00,29.0,60,0.39,12.5,507.0
2023-08-21T08:00,30.3,54,0.51,13.3,654.0
2023-08-21T09:00,31.3,50,0.65,15.3,832.0
2023-08-21T10:00,31.6,49,0.69,15.5,877.0
2023-08-21T11:00,31.6,49,0.69,17.0,890.0
2023-08-21T12:00,31.1,50,0.63,17.3,802.0
2023-08-21T13:00,30.6,50,0.53,16.3,663.0
2023-08-21T14:00,29.9,50,0.42,14.2,507.0
2023-08-21T15:00,29.1,52,0.26,10.9,298.0
2023-08-21T16:00,28.0,57,0.11,7.9,100.0
2023-08-21T17:00,27.2,60,0.05,4.8,2.0
2023-08-21T18:00,26.5,63,0.00,1.5,0.0
2023-08-21T19:00,25.8,77,0.00,0.8,0.0
2023-08-21T20:00,25.3,77,0.00,1.8,0.0
2023-08-21T21:00,24.3,80,0.00,3.5,0.0
2023-08-21T22:00,24.1,78,0.01,5.9,0.0
2023-08-21T23:00,24.2,72,0.03,8.6,0.0
2023-08-22T00:00,24.1,69,0.04,10.5,0.0
2023-08-22T01:00,24.0,68,0.05,11.3,0.0
2023-08-22T02:00,23.9,68,0.05,12.6,0.0
2023-08-22T03:00,23.8,69,0.05,13.1,0.0
2023-08-22T04:00,24.1,70,0.08,13.5,30.0
2023-08-22T05:00,25.3,71,0.14,13.6,152.0
2023-08-22T06:00,26.8,66,0.28,14.1,358.0
2023-08-22T07:00,27.9,62,0.38,14.3,505.0
2023-08-22T08:00,28.8,57,0.46,15.3,580.0
2023-08-22T09:00,29.6,53,0.57,15.9,741.0
2023-08-22T10:00,30.3,50,0.67,16.9,877.0
2023-08-22T11:00,30.5,50,0.68,17.3,900.0
2023-08-22T12:00,30.3,50,0.63,17.3,825.0
2023-08-22T13:00,29.8,51,0.54,17.1,687.0
2023-08-22T14:00,29.1,53,0.41,15.8,502.0
2023-08-22T15:00,28.2,57,0.26,13.7,291.0
2023-08-22T16:00,27.2,63,0.12,11.1,95.0
2023-08-22T17:00,26.4,67,0.06,7.3,2.0
2023-08-22T18:00,26.0,70,0.01,4.3,0.0
2023-08-22T19:00,25.6,75,0.00,3.2,0.0
2023-08-22T20:00,25.0,78,0.00,3.3,0.0
2023-08-22T21:00,24.5,81,0.00,3.9,0.0
2023-08-22T22:00,24.1,81,0.00,4.1,0.0
2023-08-22T23:00,24.0,80,0.00,5.1,0.0
2023-08-23T00:00,23.8,78,0.01,6.4,0.0
2023-08-23T01:00,24.1,74,0.02,6.9,0.0
2023-08-23T02:00,23.9,74,0.02,6.4,0.0
2023-08-23T03:00,23.8,73,0.02,7.0,0.0
2023-08-23T04:00,23.9,72,0.05,8.4,30.0
2023-08-23T05:00,25.3,64,0.14,8.8,162.0
2023-08-23T06:00,26.9,57,0.29,9.3,380.0
2023-08-23T07:00,28.3,59,0.41,10.3,544.0
2023-08-23T08:00,29.4,54,0.53,12.1,696.0
2023-08-23T09:00,30.2,50,0.65,14.1,860.0
2023-08-23T10:00,30.6,48,0.70,16.5,916.0
2023-08-23T11:00,30.6,48,0.69,18.0,908.0
2023-08-23T12:00,30.2,48,0.64,16.6,826.0
2023-08-23T13:00,29.7,48,0.54,14.7,689.0
2023-08-23T14:00,29.0,50,0.40,13.0,504.0
2023-08-23T15:00,28.1,53,0.25,10.7,292.0
2023-08-23T16:00,27.0,58,0.11,8.4,94.0
2023-08-23T17:00,26.2,63,0.05,5.8,2.0
2023-08-23T18:00,25.6,66,0.01,3.5,0.0
2023-08-23T19:00,24.9,73,0.00,3.1,0.0
2023-08-23T20:00,24.5,74,0.00,3.3,0.0
2023-08-23T21:00,24.3,74,0.00,2.4,0.0
2023-08-23T22:00,24.0,76,0.00,1.1,0.0
2023-08-23T23:00,23.3,79,0.00,0.4,0.0
2023-08-24T00:00,22.3,83,0.00,0.7,0.0
2023-08-24T01:00,21.6,85,0.00,0.8,0.0
2023-08-24T02:00,21.2,85,0.00,1.8,0.0
2023-08-24T03:00,21.5,82,0.00,3.8,0.0
2023-08-24T04:00,21.9,78,0.03,5.7,31.0
2023-08-24T05:00,25.1,59,0.14,5.2,194.0
2023-08-24T06:00,27.5,44,0.28,3.2,407.0
2023-08-24T07:00,28.7,47,0.39,1.0,568.0
2023-08-24T08:00,30.2,42,0.56,4.3,766.0
2023-08-24T09:00,31.6,37,0.68,7.7,883.0
2023-08-24T10:00,32.6,35,0.75,12.7,933.0
2023-08-24T11:00,32.9,35,0.76,16.1,915.0
2023-08-24T12:00,32.8,36,0.71,19.5,831.0
2023-08-24T13:00,32.0,39,0.61,21.4,688.0
2023-08-24T14:00,30.9,44,0.47,21.5,500.0
2023-08-24T15:00,29.7,49,0.32,20.1,288.0
2023-08-24T16:00,28.4,55,0.17,18.1,91.0
2023-08-24T17:00,27.5,59,0.13,16.6,1.0
2023-08-24T18:00,26.9,61,0.10,16.8,0.0
2023-08-24T19:00,26.3,64,0.09,16.3,0.0
2023-08-24T20:00,25.9,66,0.08,15.8,0.0
2023-08-24T21:00,25.5,68,0.07,15.3,0.0
2023-08-24T22:00,25.3,69,0.07,15.9,0.0
2023-08-24T23:00,25.1,70,0.07,16.0,0.0
2023-08-25T00:00,24.9,70,0.06,15.5,0.0
2023-08-25T01:00,24.9,71,0.05,14.2,0.0
2023-08-25T02:00,24.8,73,0.04,12.3,0.0
2023-08-25T03:00,24.6,74,0.03,10.9,0.0
2023-08-25T04:00,24.8,73,0.06,9.7,30.0
2023-08-25T05:00,27.0,61,0.16,9.3,190.0
2023-08-25T06:00,29.7,42,0.34,9.5,398.0
2023-08-25T07:00,31.6,41,0.49,10.5,591.0
2023-08-25T08:00,33.2,37,0.63,12.0,753.0
2023-08-25T09:00,34.3,34,0.74,14.5,862.0
2023-08-25T10:00,34.7,34,0.80,18.7,912.0
2023-08-25T11:00,34.6,36,0.79,21.7,892.0
2023-08-25T12:00,33.7,40,0.69,23.8,747.0
2023-08-25T13:00,32.9,43,0.61,24.6,648.0
2023-08-25T14:00,31.9,47,0.46,24.5,446.0
2023-08-25T15:00,30.9,52,0.33,24.1,279.0
2023-08-25T16:00,29.7,57,0.19,22.1,86.0
2023-08-25T17:00,28.7,62,0.14,20.3,1.0
2023-08-25T18:00,28.0,66,0.10,19.8,0.0
2023-08-25T19:00,27.5,71,0.08,18.7,0.0
2023-08-25T20:00,27.0,74,0.07,18.0,0.0
2023-08-25T21:00,26.5,77,0.05,16.3,0.0
2023-08-25T22:00,26.2,79,0.03,12.0,0.0
2023-08-25T23:00,25.9,82,0.02,10.6,0.0
2023-08-26T00:00,25.6,84,0.02,10.5,0.0
2023-08-26T01:00,25.4,86,0.01,10.1,0.0
2023-08-26T02:00,25.2,87,0.01,9.7,0.0
2023-08-26T03:00,25.1,88,0.01,10.4,0.0
2023-08-26T04:00,25.3,86,0.04,11.0,23.0
2023-08-26T05:00,26.4,78,0.13,12.8,151.0
2023-08-26T06:00,27.8,68,0.27,13.2,344.0
2023-08-26T07:00,29.0,64,0.37,13.8,464.0
2023-08-26T08:00,30.2,57,0.51,14.2,648.0
2023-08-26T09:00,31.2,53,0.61,15.5,772.0
2023-08-26T10:00,31.8,52,0.69,17.6,881.0
2023-08-26T11:00,31.9,52,0.68,20.4,871.0
2023-08-26T12:00,31.5,54,0.60,21.8,750.0
2023-08-26T13:00,30.5,57,0.51,22.4,632.0
2023-08-26T14:00,29.5,60,0.39,22.6,459.0
2023-08-26T15:00,28.7,61,0.27,22.1,265.0
2023-08-26T16:00,27.7,65,0.15,20.4,81.0
2023-08-26T17:00,26.9,69,0.11,18.7,1.0
2023-08-26T18:00,26.4,71,0.07,17.5,0.0
2023-08-26T19:00,26.0,74,0.06,16.0,0.0
2023-08-26T20:00,25.7,76,0.05,15.7,0.0
2023-08-26T21:00,25.4,78,0.04,15.4,0.0
2023-08-26T22:00,25.2,79,0.04,14.3,0.0
2023-08-26T23:00,25.1,79,0.04,15.0,0.0
2023-08-27T00:00,24.9,80,0.04,14.8,0.0
2023-08-27T01:00,24.8,80,0.03,14.0,0.0
2023-08-27T02:00,24.7,80,0.03,13.0,0.0
2023-08-27T03:00,24.5,81,0.03,12.1,0.0
2023-08-27T04:00,24.8,79,0.05,11.2,24.0
2023-08-27T05:00,25.9,72,0.14,11.3,167.0
2023-08-27T06:00,27.7,62,0.30,11.6,383.0
2023-08-27T07:00,29.6,54,0.45,12.5,571.0
2023-08-27T08:00,31.2,49,0.59,14.4,741.0
2023-08-27T09:00,32.4,46,0.69,16.4,861.0
2023-08-27T10:00,33.0,45,0.74,19.9,900.0
2023-08-27T11:00,33.0,47,0.73,22.5,891.0
2023-08-27T12:00,32.4,50,0.66,23.0,807.0
2023-08-27T13:00,31.5,53,0.55,22.9,665.0
2023-08-27T14:00,30.7,55,0.43,22.5,480.0
2023-08-27T15:00,29.9,58,0.29,21.8,271.0
2023-08-27T16:00,28.8,62,0.16,20.3,80.0
2023-08-27T17:00,27.8,67,0.11,18.8,1.0
2023-08-27T18:00,27.2,70,0.08,18.7,0.0
2023-08-27T19:00,26.6,71,0.07,18.0,0.0
2023-08-27T20:00,26.2,74,0.06,16.6,0.0
2023-08-27T21:00,25.9,77,0.05,15.5,0.0
2023-08-27T22:00,25.7,79,0.04,13.7,0.0
2023-08-27T23:00,25.5,81,0.03,14.6,0.0
2023-08-28T00:00,25.3,83,0.03,14.7,0.0
2023-08-28T01:00,25.1,84,0.03,14.8,0.0
2023-08-28T02:00,25.0,85,0.02,14.4,0.0
2023-08-28T03:00,25.0,85,0.02,14.3,0.0
2023-08-28T04:00,25.3,83,0.05,13.3,20.0
2023-08-28T05:00,26.6,77,0.13,12.8,145.0
2023-08-28T06:00,28.4,68,0.26,11.2,339.0
2023-08-28T07:00,30.6,61,0.39,10.9,491.0
2023-08-28T08:00,32.3,55,0.55,11.3,693.0
2023-08-28T09:00,33.7,50,0.67,13.0,827.0
2023-08-28T10:00,34.8,47,0.75,17.4,902.0
2023-08-28T11:00,35.1,48,0.76,20.4,887.0
2023-08-28T12:00,34.6,51,0.69,22.1,806.0
2023-08-28T13:00,33.4,57,0.56,23.3,659.0
2023-08-28T14:00,32.1,63,0.41,22.8,474.0
2023-08-28T15:00,30.7,68,0.26,22.0,265.0
2023-08-28T16:00,29.3,71,0.13,19.9,76.0
2023-08-28T17:00,28.3,75,0.08,16.7,0.0
2023-08-28T18:00,27.8,77,0.05,14.0,0.0
2023-08-28T19:00,26.8,82,0.03,12.8,0.0
2023-08-28T20:00,26.4,83,0.02,12.2,0.0
2023-08-28T21:00,26.1,85,0.02,11.3,0.0
2023-08-28T22:00,25.8,86,0.01,9.7,0.0
2023-08-28T23:00,25.5,87,0.01,9.4,0.0
2023-08-29T00:00,25.1,89,0.00,9.7,0.0
2023-08-29T01:00,25.0,90,0.00,8.7,0.0
2023-08-29T02:00,24.7,91,0.00,6.6,0.0
2023-08-29T03:00,24.3,92,0.00,4.5,0.0
2023-08-29T04:00,24.8,90,0.02,3.0,23.0
2023-08-29T05:00,26.4,78,0.11,3.5,157.0
2023-08-29T06:00,28.2,68,0.25,5.4,342.0
2023-08-29T07:00,30.6,61,0.43,6.9,564.0
2023-08-29T08:00,32.1,56,0.56,8.2,729.0
2023-08-29T09:00,33.4,52,0.68,10.7,851.0
2023-08-29T10:00,34.1,50,0.72,14.2,886.0
2023-08-29T11:00,34.2,50,0.72,16.3,879.0
2023-08-29T12:00,33.6,54,0.65,18.1,801.0
2023-08-29T13:00,32.6,59,0.54,18.4,658.0
2023-08-29T14:00,31.6,63,0.39,17.8,469.0
2023-08-29T15:00,30.4,67,0.24,16.3,260.0
2023-08-29T16:00,29.2,71,0.11,14.5,72.0
2023-08-29T17:00,28.3,74,0.07,12.6,0.0
2023-08-29T18:00,27.7,77,0.03,9.7,0.0
2023-08-29T19:00,26.6,82,0.01,7.3,0.0
2023-08-29T20:00,26.3,83,0.01,6.3,0.0
2023-08-29T21:00,25.9,85,0.00,5.9,0.0
2023-08-29T22:00,25.5,87,0.00,6.6,0.0
2023-08-29T23:00,25.1,89,0.00,6.0,0.0
2023-08-30T00:00,24.7,91,0.00,6.6,0.0
2023-08-30T01:00,24.7,91,0.00,6.4,0.0
2023-08-30T02:00,24.7,91,0.00,5.0,0.0
2023-08-30T03:00,24.6,91,0.00,4.7,0.0
2023-08-30T04:00,24.9,90,0.02,5.0,23.0
2023-08-30T05:00,26.4,81,0.11,5.8,151.0
2023-08-30T06:00,28.1,71,0.26,5.8,359.0
2023-08-30T07:00,30.5,61,0.41,7.6,531.0
2023-08-30T08:00,31.8,56,0.55,10.4,700.0
2023-08-30T09:00,32.6,54,0.66,13.0,833.0
2023-08-30T10:00,32.9,53,0.69,12.6,884.0
2023-08-30T11:00,32.8,54,0.65,14.9,812.0
2023-08-30T12:00,32.4,56,0.63,17.6,790.0
2023-08-30T13:00,31.8,58,0.53,18.9,658.0
2023-08-30T14:00,30.9,61,0.39,17.4,465.0
2023-08-30T15:00,29.8,65,0.24,15.5,255.0
2023-08-30T16:00,28.6,70,0.10,12.6,69.0
2023-08-30T17:00,27.7,75,0.03,9.8,0.0
2023-08-30T18:00,27.1,79,0.02,8.2,0.0
2023-08-30T19:00,26.5,80,0.01,6.9,0.0
2023-08-30T20:00,26.0,83,0.00,5.4,0.0
2023-08-30T21:00,25.6,85,0.00,4.7,0.0
2023-08-30T22:00,24.9,90,0.00,5.9,0.0
2023-08-30T23:00,24.6,91,0.00,4.9,0.0
2023-08-31T00:00,24.3,93,0.00,4.7,0.0
2023-08-31T01:00,24.2,93,0.00,4.7,0.0
2023-08-31T02:00,24.3,93,0.00,4.8,0.0
2023-08-31T03:00,24.7,91,0.00,3.7,0.0
2023-08-31T04:00,24.9,89,0.02,3.1,21.0
2023-08-31T05:00,26.1,83,0.10,4.8,148.0
2023-08-31T06:00,27.7,74,0.24,5.8,335.0
2023-08-31T07:00,29.7,69,0.39,6.2,531.0
2023-08-31T08:00,31.1,63,0.53,8.9,696.0
2023-08-31T09:00,31.9,59,0.61,11.8,799.0
2023-08-31T10:00,32.4,57,0.67,12.6,867.0
2023-08-31T11:00,32.3,57,0.65,15.8,842.0
2023-08-31T12:00,32.1,58,0.61,18.4,782.0
2023-08-31T13:00,31.3,60,0.50,18.0,636.0
2023-08-31T14:00,30.3,63,0.37,14.5,457.0
2023-08-31T15:00,29.4,66,0.22,12.0,251.0
2023-08-31T16:00,28.4,70,0.09,10.9,67.0
2023-08-31T17:00,27.6,74,0.03,9.3,0.0
2023-08-31T18:00,27.1,77,0.02,8.4,0.0
2023-08-31T19:00,26.4,79,0.01,6.6,0.0
2023-08-31T20:00,26.1,81,0.00,4.6,0.0
2023-08-31T21:00,25.8,83,0.00,5.0,0.0
2023-08-31T22:00,25.5,85,0.00,6.4,0.0
2023-08-31T23:00,25.3,86,0.01,8.2,0.0
2023-09-01T00:00,25.0,88,0.00,8.3,0.0
2023-09-01T01:00,24.7,90,0.00,7.6,0.0
2023-09-01T02:00,24.4,91,0.00,6.1,0.0
2023-09-01T03:00,24.5,91,0.00,5.2,0.0
2023-09-01T04:00,24.7,90,0.02,5.5,19.0
2023-09-01T05:00,25.7,83,0.10,5.4,145.0
2023-09-01T06:00,27.1,74,0.22,4.7,307.0
2023-09-01T07:00,29.1,64,0.38,5.1,525.0
2023-09-01T08:00,30.7,57,0.55,8.0,733.0
2023-09-01T09:00,31.7,54,0.64,13.7,828.0
2023-09-01T10:00,31.8,55,0.67,14.7,872.0
2023-09-01T11:00,31.7,56,0.66,16.6,853.0
2023-09-01T12:00,31.4,57,0.61,18.3,784.0
2023-09-01T13:00,30.9,59,0.51,19.6,646.0
2023-09-01T14:00,29.9,63,0.38,19.8,456.0
2023-09-01T15:00,28.7,67,0.23,18.2,248.0
2023-09-01T16:00,27.6,72,0.10,16.5,63.0
2023-09-01T17:00,26.9,75,0.05,13.8,0.0
2023-09-01T18:00,26.4,78,0.03,12.0,0.0
2023-09-01T19:00,25.8,79,0.03,10.6,0.0
2023-09-01T20:00,25.5,80,0.02,9.4,0.0
2023-09-01T21:00,25.3,81,0.01,8.1,0.0
2023-09-01T22:00,25.0,83,0.01,9.2,0.0
2023-09-01T23:00,24.9,83,0.01,9.7,0.0
2023-09-02T00:00,24.7,85,0.01,10.4,0.0
2023-09-02T01:00,24.6,86,0.01,10.2,0.0
2023-09-02T02:00,24.5,87,0.01,9.4,0.0
2023-09-02T03:00,24.4,88,0.00,8.4,0.0
2023-09-02T04:00,24.4,88,0.03,7.2,20.0
2023-09-02T05:00,26.0,78,0.12,7.1,160.0
2023-09-02T06:00,27.4,69,0.25,6.7,342.0
2023-09-02T07:00,29.2,62,0.42,8.4,570.0
2023-09-02T08:00,30.6,57,0.55,10.8,732.0
2023-09-02T09:00,31.4,55,0.63,14.5,824.0
2023-09-02T10:00,31.7,54,0.68,16.7,888.0
2023-09-02T11:00,31.5,55,0.67,17.8,867.0
2023-09-02T12:00,31.2,56,0.61,18.3,780.0
2023-09-02T13:00,30.7,58,0.50,17.9,638.0
2023-09-02T14:00,29.9,61,0.37,17.2,450.0
2023-09-02T15:00,28.9,65,0.23,16.5,243.0
2023-09-02T16:00,27.8,71,0.10,14.5,61.0
2023-09-02T17:00,27.2,74,0.05,12.6,0.0
2023-09-02T18:00,26.9,75,0.03,10.3,0.0
2023-09-02T19:00,26.1,78,0.02,8.9,0.0
2023-09-02T20:00,25.8,79,0.01,7.0,0.0
2023-09-02T21:00,25.6,81,0.01,6.9,0.0
2023-09-02T22:00,25.3,82,0.01,6.0,0.0
2023-09-02T23:00,25.1,83,0.00,6.2,0.0
2023-09-03T00:00,24.7,86,0.00,6.8,0.0
2023-09-03T01:00,24.5,87,0.00,7.4,0.0
2023-09-03T02:00,24.4,88,0.00,6.0,0.0
2023-09-03T03:00,24.5,87,0.00,5.1,0.0
2023-09-03T04:00,24.5,87,0.03,5.8,16.0
2023-09-03T05:00,25.8,79,0.11,6.5,153.0
2023-09-03T06:00,27.1,72,0.24,7.2,334.0
2023-09-03T07:00,29.1,62,0.41,8.9,553.0
2023-09-03T08:00,30.2,58,0.54,11.0,714.0
2023-09-03T09:00,31.0,56,0.63,14.1,823.0
2023-09-03T10:00,31.3,55,0.65,16.3,856.0
2023-09-03T11:00,31.2,56,0.65,18.6,856.0
2023-09-03T12:00,30.9,57,0.59,19.1,774.0
2023-09-03T13:00,30.3,58,0.50,19.0,630.0
2023-09-03T14:00,29.5,61,0.37,18.5,445.0
2023-09-03T15:00,28.4,64,0.22,16.3,239.0
2023-09-03T16:00,27.4,69,0.09,13.4,58.0
2023-09-03T17:00,26.6,73,0.04,12.1,0.0
2023-09-03T18:00,26.2,76,0.03,11.0,0.0
2023-09-03T19:00,25.3,77,0.03,10.0,0.0
2023-09-03T20:00,25.0,79,0.02,10.0,0.0
2023-09-03T21:00,24.7,82,0.01,8.6,0.0
2023-09-03T22:00,24.4,83,0.01,7.1,0.0
2023-09-03T23:00,24.0,86,0.00,6.9,0.0
2023-09-04T00:00,24.1,85,0.00,7.1,0.0
2023-09-04T01:00,24.1,85,0.00,7.1,0.0
2023-09-04T02:00,24.0,85,0.00,5.7,0.0
2023-09-04T03:00,24.0,85,0.00,4.9,0.0
2023-09-04T04:00,24.2,83,0.03,4.7,18.0
2023-09-04T05:00,25.5,75,0.10,6.2,131.0
2023-09-04T06:00,26.9,66,0.25,8.7,329.0
2023-09-04T07:00,28.3,68,0.35,11.4,477.0
2023-09-04T08:00,29.3,64,0.48,14.1,648.0
2023-09-04T09:00,30.0,61,0.58,15.6,778.0
2023-09-04T10:00,30.3,59,0.63,15.7,851.0
2023-09-04T11:00,30.6,57,0.64,15.9,856.0
2023-09-04T12:00,30.4,58,0.58,15.5,772.0
2023-09-04T13:00,30.0,59,0.48,15.5,627.0
2023-09-04T14:00,29.2,62,0.35,16.0,442.0
2023-09-04T15:00,28.1,67,0.21,15.8,235.0
2023-09-04T16:00,27.1,72,0.08,12.9,55.0
2023-09-04T17:00,26.4,76,0.03,10.4,0.0
2023-09-04T18:00,26.0,79,0.02,8.9,0.0
2023-09-04T19:00,25.3,82,0.01,7.5,0.0
2023-09-04T20:00,25.0,83,0.01,7.1,0.0
2023-09-04T21:00,24.7,85,0.00,5.1,0.0
2023-09-04T22:00,24.1,88,0.00,5.2,0.0
2023-09-04T23:00,23.9,89,0.00,6.6,0.0
2023-09-05T00:00,23.8,90,0.00,6.9,0.0
2023-09-05T01:00,23.5,90,0.00,6.0,0.0
2023-09-05T02:00,23.1,92,0.00,2.9,0.0
2023-09-05T03:00,22.6,94,0.00,2.2,0.0
2023-09-05T04:00,22.7,94,0.01,2.4,18.0
2023-09-05T05:00,25.0,78,0.09,3.3,141.0
2023-09-05T06:00,26.6,67,0.23,5.9,315.0
2023-09-05T07:00,28.0,66,0.36,9.1,500.0
2023-09-05T08:00,29.1,60,0.49,11.7,665.0
2023-09-05T09:00,29.8,57,0.59,13.9,790.0
2023-09-05T10:00,30.0,56,0.64,13.0,875.0
2023-09-05T11:00,30.1,55,0.64,14.1,857.0
2023-09-05T12:00,29.9,54,0.59,15.0,778.0
2023-09-05T13:00,29.6,53,0.49,14.9,633.0
2023-09-05T14:00,28.9,55,0.36,13.2,444.0
2023-09-05T15:00,28.0,59,0.21,11.6,235.0
2023-09-05T16:00,26.9,65,0.08,9.3,54.0
2023-09-05T17:00,26.1,70,0.03,7.7,0.0
2023-09-05T18:00,25.7,73,0.02,6.5,0.0
2023-09-05T19:00,25.3,78,0.00,4.7,0.0
2023-09-05T20:00,24.6,81,0.00,3.5,0.0
2023-09-05T21:00,23.9,85,0.00,3.8,0.0
2023-09-05T22:00,23.2,89,0.00,5.7,0.0
2023-09-05T23:00,23.3,87,0.00,7.8,0.0
2023-09-06T00:00,23.5,84,0.01,7.6,0.0
2023-09-06T01:00,23.3,85,0.00,6.9,0.0
2023-09-06T02:00,23.3,84,0.00,6.6,0.0
2023-09-06T03:00,23.2,83,0.01,6.8,0.0
2023-09-06T04:00,23.5,80,0.04,8.6,17.0
2023-09-06T05:00,24.6,75,0.12,10.4,143.0
2023-09-06T06:00,25.9,68,0.23,11.0,312.0
2023-09-06T07:00,27.2,64,0.35,12.0,471.0
2023-09-06T08:00,28.6,57,0.51,13.5,691.0
2023-09-06T09:00,29.3,53,0.56,14.8,739.0
2023-09-06T10:00,29.7,52,0.60,12.6,789.0
2023-09-06T11:00,29.9,50,0.61,14.3,806.0
2023-09-06T12:00,29.8,50,0.59,17.1,764.0
2023-09-06T13:00,29.2,53,0.50,19.4,630.0
2023-09-06T14:00,28.3,57,0.36,19.2,439.0
2023-09-06T15:00,27.5,60,0.23,17.2,230.0
2023-09-06T16:00,26.5,65,0.10,14.2,50.0
2023-09-06T17:00,25.9,68,0.05,11.0,0.0
2023-09-06T18:00,25.6,69,0.03,7.6,0.0
2023-09-06T19:00,25.4,75,0.01,6.3,0.0
2023-09-06T20:00,25.1,76,0.01,4.7,0.0
2023-09-06T21:00,24.6,79,0.00,3.9,0.0
2023-09-06T22:00,24.3,80,0.00,4.9,0.0
2023-09-06T23:00,23.9,82,0.00,5.6,0.0
2023-09-07T00:00,23.9,80,0.01,6.0,0.0
2023-09-07T01:00,23.7,81,0.01,6.8,0.0
2023-09-07T02:00,23.5,82,0.01,7.2,0.0
2023-09-07T03:00,23.4,83,0.01,7.4,0.0
2023-09-07T04:00,23.5,83,0.04,7.7,12.0
2023-09-07T05:00,24.5,78,0.09,7.7,96.0
2023-09-07T06:00,25.6,71,0.19,7.7,252.0
2023-09-07T07:00,27.0,64,0.33,8.2,451.0
2023-09-07T08:00,28.2,58,0.45,8.9,611.0
2023-09-07T09:00,29.1,55,0.51,10.6,677.0
2023-09-07T10:00,29.6,53,0.54,10.1,712.0
2023-09-07T11:00,29.8,53,0.51,12.1,640.0
2023-09-07T12:00,29.9,53,0.52,14.3,659.0
2023-09-07T13:00,29.5,55,0.45,18.4,549.0
2023-09-07T14:00,28.6,59,0.34,18.2,402.0
2023-09-07T15:00,27.7,62,0.21,16.3,213.0
2023-09-07T16:00,26.9,65,0.10,13.7,46.0
2023-09-07T17:00,26.3,69,0.05,11.0,0.0
2023-09-07T18:00,26.0,72,0.03,8.3,0.0
2023-09-07T19:00,25.6,75,0.02,6.5,0.0
2023-09-07T20:00,25.2,78,0.01,5.5,0.0
2023-09-07T21:00,24.6,82,0.00,5.9,0.0
2023-09-07T22:00,24.0,86,0.00,2.1,0.0
2023-09-07T23:00,23.6,89,0.00,2.6,0.0
2023-09-08T00:00,23.9,88,0.00,2.4,0.0
2023-09-08T01:00,24.0,87,0.00,2.3,0.0
2023-09-08T02:00,24.0,87,0.00,1.3,0.0
2023-09-08T03:00,24.0,87,0.00,0.8,0.0
2023-09-08T04:00,23.7,88,0.01,1.3,16.0
2023-09-08T05:00,25.0,81,0.09,1.9,145.0
2023-09-08T06:00,26.7,69,0.23,3.2,330.0
2023-09-08T07:00,28.0,66,0.36,6.0,506.0
2023-09-08T08:00,29.5,58,0.50,9.4,677.0
2023-09-08T09:00,30.6,53,0.62,12.8,823.0
2023-09-08T10:00,31.2,50,0.66,13.3,862.0
2023-09-08T11:00,31.5,49,0.67,16.3,852.0
2023-09-08T12:00,31.4,50,0.61,18.1,767.0
2023-09-08T13:00,30.9,52,0.51,18.5,622.0
2023-09-08T14:00,30.2,56,0.38,19.2,432.0
2023-09-08T15:00,29.1,61,0.24,18.5,223.0
2023-09-08T16:00,27.9,67,0.11,17.4,46.0
2023-09-08T17:00,27.2,72,0.06,15.7,0.0
2023-09-08T18:00,26.7,74,0.06,15.9,0.0
2023-09-08T19:00,26.0,73,0.06,15.1,0.0
2023-09-08T20:00,25.6,74,0.05,14.8,0.0
2023-09-08T21:00,25.3,74,0.05,14.8,0.0
2023-09-08T22:00,25.1,75,0.03,10.1,0.0
2023-09-08T23:00,24.9,76,0.03,9.7,0.0
2023-09-09T00:00,24.7,77,0.02,8.7,0.0
2023-09-09T01:00,24.5,77,0.02,8.5,0.0
2023-09-09T02:00,24.4,78,0.02,9.6,0.0
2023-09-09T03:00,24.2,80,0.02,11.1,0.0
2023-09-09T04:00,24.3,80,0.05,11.6,18.0
2023-09-09T05:00,25.7,74,0.13,12.5,163.0
2023-09-09T06:00,27.7,59,0.29,12.4,371.0
2023-09-09T07:00,29.3,50,0.44,11.9,556.0
2023-09-09T08:00,30.8,42,0.58,12.4,729.0
2023-09-09T09:00,32.0,39,0.68,14.5,839.0
2023-09-09T10:00,32.7,38,0.74,19.1,886.0
2023-09-09T11:00,32.7,39,0.73,21.3,864.0
2023-09-09T12:00,32.3,40,0.68,23.7,774.0
2023-09-09T13:00,31.6,42,0.57,24.0,626.0
2023-09-09T14:00,30.7,44,0.44,23.3,434.0
2023-09-09T15:00,29.6,48,0.29,21.7,222.0
2023-09-09T16:00,28.3,55,0.15,18.4,44.0
2023-09-09T17:00,27.4,60,0.10,16.3,0.0
2023-09-09T18:00,26.8,64,0.08,14.7,0.0
2023-09-09T19:00,26.0,66,0.06,13.2,0.0
2023-09-09T20:00,25.6,69,0.05,12.0,0.0
2023-09-09T21:00,25.2,72,0.04,10.5,0.0
2023-09-09T22:00,24.8,75,0.02,8.7,0.0
2023-09-09T23:00,24.5,77,0.02,7.3,0.0
2023-09-10T00:00,24.2,78,0.01,6.5,0.0
2023-09-10T01:00,23.7,80,0.01,6.1,0.0
2023-09-10T02:00,22.9,84,0.00,5.5,0.0
2023-09-10T03:00,22.5,86,0.00,4.7,0.0
2023-09-10T04:00,22.8,83,0.02,4.4,17.0
2023-09-10T05:00,25.0,72,0.11,5.8,152.0
2023-09-10T06:00,27.0,58,0.25,7.4,330.0
2023-09-10T07:00,28.7,53,0.41,9.8,543.0
2023-09-10T08:00,29.8,48,0.54,12.2,695.0
2023-09-10T09:00,30.5,47,0.63,14.0,817.0
2023-09-10T10:00,31.0,46,0.68,14.8,883.0
2023-09-10T11:00,31.1,46,0.67,15.8,858.0
2023-09-10T12:00,30.9,46,0.61,16.5,770.0
2023-09-10T13:00,30.4,47,0.51,16.8,622.0
2023-09-10T14:00,29.5,49,0.38,16.3,430.0
2023-09-10T15:00,28.5,54,0.23,14.9,219.0
2023-09-10T16:00,27.3,60,0.10,12.1,42.0
2023-09-10T17:00,26.5,65,0.05,9.8,0.0
2023-09-10T18:00,25.8,69,0.03,8.0,0.0
2023-09-10T19:00,25.1,70,0.03,7.4,0.0
2023-09-10T20:00,24.5,73,0.02,7.2,0.0
2023-09-10T21:00,23.7,78,0.01,6.2,0.0
2023-09-10T22:00,23.2,81,0.00,2.6,0.0
2023-09-10T23:00,23.0,82,0.00,2.7,0.0
2023-09-11T00:00,23.3,80,0.00,2.4,0.0
2023-09-11T01:00,23.3,80,0.00,2.6,0.0
2023-09-11T02:00,23.2,80,0.00,3.0,0.0
2023-09-11T03:00,22.8,82,0.00,2.3,0.0
2023-09-11T04:00,22.4,83,0.02,1.8,16.0
2023-09-11T05:00,24.2,76,0.09,2.5,151.0
2023-09-11T06:00,26.2,60,0.24,3.8,353.0
2023-09-11T07:00,28.2,56,0.39,5.6,544.0
2023-09-11T08:00,29.5,49,0.54,8.8,722.0
2023-09-11T09:00,30.4,46,0.64,11.8,842.0
2023-09-11T10:00,30.9,45,0.68,12.4,891.0
2023-09-11T11:00,30.9,46,0.67,15.0,867.0
2023-09-11T12:00,30.6,48,0.61,16.3,775.0
2023-09-11T13:00,29.8,51,0.50,17.1,624.0
2023-09-11T14:00,28.8,55,0.36,16.3,430.0
2023-09-11T15:00,27.6,61,0.20,14.1,216.0
2023-09-11T16:00,26.5,67,0.08,10.8,40.0
2023-09-11T17:00,25.8,71,0.02,7.3,0.0
2023-09-11T18:00,25.2,75,0.01,5.4,0.0
2023-09-11T19:00,24.1,79,0.00,2.6,0.0
2023-09-11T20:00,24.0,76,0.00,0.7,0.0
2023-09-11T21:00,23.0,81,0.00,1.5,0.0
2023-09-11T22:00,22.2,85,0.00,3.0,0.0
2023-09-11T23:00,21.5,87,0.00,3.1,0.0
2023-09-12T00:00,21.0,88,0.00,3.8,0.0
2023-09-12T01:00,20.6,87,0.00,4.1,0.0
2023-09-12T02:00,20.5,86,0.00,4.7,0.0
2023-09-12T03:00,20.4,86,0.00,5.1,0.0
2023-09-12T04:00,20.5,86,0.02,5.4,14.0
2023-09-12T05:00,23.4,73,0.10,5.8,138.0
2023-09-12T06:00,25.4,64,0.23,7.4,331.0
2023-09-12T07:00,26.9,59,0.39,8.9,541.0
2023-09-12T08:00,28.3,53,0.53,10.6,731.0
2023-09-12T09:00,29.3,50,0.62,12.1,841.0
2023-09-12T10:00,30.0,48,0.66,12.2,886.0
2023-09-12T11:00,30.1,49,0.64,13.7,851.0
2023-09-12T12:00,29.9,50,0.59,15.9,769.0
2023-09-12T13:00,29.2,53,0.48,16.9,616.0
2023-09-12T14:00,28.2,57,0.34,15.9,421.0
2023-09-12T15:00,27.2,61,0.19,13.4,208.0
2023-09-12T16:00,26.2,65,0.07,9.7,36.0
2023-09-12T17:00,25.6,69,0.02,6.6,0.0
2023-09-12T18:00,25.1,74,0.01,4.4,0.0
2023-09-12T19:00,24.5,77,0.00,2.2,0.0
2023-09-12T20:00,24.2,78,0.00,1.5,0.0
2023-09-12T21:00,23.8,80,0.00,1.3,0.0
2023-09-12T22:00,23.3,82,0.00,3.7,0.0
2023-09-12T23:00,22.8,83,0.00,5.8,0.0
2023-09-13T00:00,22.3,83,0.01,7.6,0.0
2023-09-13T01:00,22.3,82,0.01,8.4,0.0
2023-09-13T02:00,22.5,81,0.02,9.5,0.0
2023-09-13T03:00,22.6,82,0.02,10.7,0.0
2023-09-13T04:00,23.0,81,0.05,11.4,13.0
2023-09-13T05:00,24.4,75,0.11,12.2,129.0
2023-09-13T06:00,25.9,69,0.23,12.2,310.0
2023-09-13T07:00,27.4,67,0.34,12.7,456.0
2023-09-13T08:00,28.5,62,0.46,13.1,627.0
2023-09-13T09:00,29.3,58,0.53,14.6,701.0
2023-09-13T10:00,30.0,54,0.62,16.1,834.0
2023-09-13T11:00,30.1,54,0.62,16.9,817.0
2023-09-13T12:00,29.7,57,0.55,17.4,733.0
2023-09-13T13:00,28.9,60,0.44,16.6,577.0
2023-09-13T14:00,28.1,61,0.32,15.4,403.0
2023-09-13T15:00,27.3,64,0.18,13.8,197.0
2023-09-13T16:00,26.4,70,0.07,11.0,33.0
2023-09-13T17:00,25.9,74,0.03,8.3,0.0
2023-09-13T18:00,25.5,77,0.01,6.2,0.0
2023-09-13T19:00,25.1,79,0.00,4.6,0.0
2023-09-13T20:00,24.7,82,0.00,4.3,0.0
2023-09-13T21:00,24.3,84,0.00,6.0,0.0
2023-09-13T22:00,24.2,84,0.01,7.4,0.0
2023-09-13T23:00,24.1,82,0.01,8.2,0.0
2023-09-14T00:00,23.6,83,0.01,8.0,0.0
2023-09-14T01:00,23.6,83,0.01,8.2,0.0
2023-09-14T02:00,23.2,85,0.01,8.4,0.0
2023-09-14T03:00,23.5,83,0.01,9.2,0.0
2023-09-14T04:00,23.5,84,0.04,10.2,11.0
2023-09-14T05:00,24.4,80,0.09,11.5,90.0
2023-09-14T06:00,25.4,74,0.19,12.7,253.0
2023-09-14T07:00,26.7,59,0.29,13.4,343.0
2023-09-14T08:00,27.9,53,0.48,15.1,633.0
2023-09-14T09:00,28.7,50,0.58,16.3,771.0
2023-09-14T10:00,29.0,49,0.62,16.2,824.0
2023-09-14T11:00,28.9,50,0.61,17.3,821.0
2023-09-14T12:00,28.3,52,0.55,17.7,738.0
2023-09-14T13:00,27.8,53,0.44,16.8,574.0
2023-09-14T14:00,27.3,53,0.34,16.2,401.0
2023-09-14T15:00,26.5,55,0.20,14.7,194.0
2023-09-14T16:00,25.5,59,0.09,10.8,32.0
2023-09-14T17:00,24.9,63,0.03,6.6,0.0
2023-09-14T18:00,24.3,68,0.01,4.1,0.0
2023-09-14T19:00,23.6,72,0.00,3.9,0.0
2023-09-14T20:00,23.1,75,0.00,3.6,0.0
2023-09-14T21:00,22.9,76,0.00,3.3,0.0
2023-09-14T22:00,22.6,76,0.01,5.2,0.0
2023-09-14T23:00,22.4,76,0.00,4.7,0.0
2023-09-15T00:00,21.9,77,0.00,3.8,0.0
2023-09-15T01:00,21.3,79,0.00,3.9,0.0
2023-09-15T02:00,21.5,75,0.01,5.1,0.0
2023-09-15T03:00,21.7,74,0.01,6.5,0.0
2023-09-15T04:00,21.9,74,0.04,7.3,11.0
2023-09-15T05:00,23.4,66,0.10,7.2,114.0
2023-09-15T06:00,24.9,58,0.20,6.2,259.0
2023-09-15T07:00,26.5,55,0.32,6.0,443.0
2023-09-15T08:00,27.9,49,0.48,6.6,663.0
2023-09-15T09:00,28.9,45,0.57,9.0,762.0
2023-09-15T10:00,29.6,43,0.65,11.2,860.0
2023-09-15T11:00,29.6,44,0.64,14.7,836.0
2023-09-15T12:00,29.2,46,0.57,15.9,742.0
2023-09-15T13:00,28.6,48,0.47,15.9,594.0
2023-09-15T14:00,27.8,51,0.34,14.8,401.0
2023-09-15T15:00,26.8,54,0.20,13.2,193.0
2023-09-15T16:00,25.9,57,0.09,11.0,30.0
2023-09-15T17:00,25.2,60,0.05,9.5,0.0
2023-09-15T18:00,24.7,62,0.04,8.2,0.0
2023-09-15T19:00,24.3,69,0.03,7.6,0.0
2023-09-15T20:00,23.9,70,0.02,7.2,0.0
2023-09-15T21:00,23.6,72,0.02,7.0,0.0
2023-09-15T22:00,23.0,76,0.00,4.9,0.0
2023-09-15T23:00,22.6,78,0.00,4.5,0.0
2023-09-16T00:00,22.4,79,0.00,4.8,0.0
2023-09-16T01:00,22.2,79,0.00,5.2,0.0
2023-09-16T02:00,22.0,80,0.00,5.0,0.0
2023-09-16T03:00,21.9,80,0.00,5.2,0.0
2023-09-16T04:00,21.8,80,0.03,6.0,13.0
2023-09-16T05:00,24.2,68,0.11,6.5,145.0
2023-09-16T06:00,26.1,58,0.25,7.2,342.0
2023-09-16T07:00,27.2,53,0.39,8.1,539.0
2023-09-16T08:00,28.5,49,0.52,10.4,699.0
2023-09-16T09:00,29.4,47,0.60,12.3,800.0
2023-09-16T10:00,30.1,46,0.65,14.4,841.0
2023-09-16T11:00,30.4,46,0.64,17.5,815.0
2023-09-16T12:00,30.1,48,0.58,19.2,733.0
2023-09-16T13:00,29.3,52,0.47,20.0,570.0
2023-09-16T14:00,28.3,56,0.34,19.5,393.0
2023-09-16T15:00,27.1,61,0.20,18.4,186.0
2023-09-16T16:00,26.0,66,0.10,16.7,27.0
2023-09-16T17:00,25.4,70,0.06,14.8,0.0
2023-09-16T18:00,24.9,73,0.04,12.4,0.0
2023-09-16T19:00,24.4,78,0.02,10.3,0.0
2023-09-16T20:00,24.2,80,0.01,8.3,0.0
2023-09-16T21:00,24.0,82,0.01,7.6,0.0
2023-09-16T22:00,23.7,84,0.00,6.1,0.0
2023-09-16T23:00,23.4,86,0.00,6.8,0.0
2023-09-17T00:00,23.1,88,0.00,7.2,0.0
2023-09-17T01:00,22.9,89,0.00,6.9,0.0
2023-09-17T02:00,22.7,90,0.00,6.5,0.0
2023-09-17T03:00,22.6,91,0.00,5.2,0.0
2023-09-17T04:00,22.7,90,0.02,5.4,11.0
2023-09-17T05:00,24.3,80,0.09,6.8,117.0
2023-09-17T06:00,26.0,68,0.22,8.5,290.0
2023-09-17T07:00,27.9,63,0.33,10.2,428.0
2023-09-17T08:00,29.1,57,0.45,12.4,583.0
2023-09-17T09:00,30.1,53,0.57,14.1,743.0
2023-09-17T10:00,30.8,52,0.65,17.2,848.0
2023-09-17T11:00,30.6,54,0.63,19.4,819.0
2023-09-17T12:00,30.0,57,0.56,20.5,729.0
2023-09-17T13:00,29.1,61,0.45,20.5,579.0
2023-09-17T14:00,28.0,64,0.31,19.4,387.0
2023-09-17T15:00,27.0,68,0.18,17.4,177.0
2023-09-17T16:00,26.1,72,0.08,14.7,25.0
2023-09-17T17:00,25.6,75,0.04,11.8,0.0
2023-09-17T18:00,25.2,77,0.02,9.0,0.0
2023-09-17T19:00,24.6,78,0.02,7.7,0.0
2023-09-17T20:00,24.4,80,0.01,6.9,0.0
2023-09-17T21:00,24.2,81,0.01,7.1,0.0
2023-09-17T22:00,23.8,84,0.00,6.7,0.0
2023-09-17T23:00,23.7,84,0.00,4.7,0.0
2023-09-18T00:00,23.6,85,0.00,3.0,0.0
2023-09-18T01:00,23.6,85,0.00,4.5,0.0
2023-09-18T02:00,23.7,84,0.00,4.7,0.0
2023-09-18T03:00,23.6,85,0.00,3.4,0.0
2023-09-18T04:00,23.7,84,0.02,3.1,10.0
2023-09-18T05:00,24.6,79,0.08,4.2,125.0
2023-09-18T06:00,26.1,71,0.23,7.6,325.0
2023-09-18T07:00,27.4,66,0.31,10.0,419.0
2023-09-18T08:00,28.3,62,0.44,11.9,586.0
2023-09-18T09:00,29.0,58,0.51,13.1,688.0
2023-09-18T10:00,29.4,57,0.58,13.6,780.0
2023-09-18T11:00,29.4,58,0.57,15.3,769.0
2023-09-18T12:00,28.9,59,0.51,16.6,686.0
2023-09-18T13:00,28.1,62,0.40,17.6,527.0
2023-09-18T14:00,27.6,63,0.30,15.6,378.0
2023-09-18T15:00,26.9,66,0.17,13.8,173.0
2023-09-18T16:00,26.1,69,0.07,11.6,22.0
2023-09-18T17:00,25.6,71,0.03,8.7,0.0
2023-09-18T18:00,25.4,72,0.02,6.5,0.0
2023-09-18T19:00,24.9,74,0.01,5.8,0.0
2023-09-18T20:00,24.8,74,0.01,5.9,0.0
2023-09-18T21:00,24.6,75,0.01,5.9,0.0
2023-09-18T22:00,24.3,76,0.02,7.3,0.0
2023-09-18T23:00,24.1,78,0.02,9.2,0.0
2023-09-19T00:00,23.5,82,0.01,9.2,0.0
2023-09-19T01:00,23.2,84,0.01,9.0,0.0
2023-09-19T02:00,23.3,84,0.01,8.0,0.0
2023-09-19T03:00,23.3,84,0.00,6.4,0.0
2023-09-19T04:00,23.7,83,0.03,6.4,6.0
2023-09-19T05:00,24.1,81,0.08,7.9,89.0
2023-09-19T06:00,25.1,74,0.18,8.7,242.0
2023-09-19T07:00,26.6,62,0.30,9.4,390.0
2023-09-19T08:00,27.4,58,0.39,10.1,510.0
2023-09-19T09:00,28.2,54,0.49,11.9,640.0
2023-09-19T10:00,28.4,53,0.49,15.4,628.0
2023-09-19T11:00,28.6,53,0.54,18.6,699.0
2023-09-19T12:00,28.0,56,0.48,18.7,625.0
2023-09-19T13:00,27.3,59,0.38,18.4,484.0
2023-09-19T14:00,26.7,60,0.29,17.1,359.0
2023-09-19T15:00,26.0,63,0.17,15.0,162.0
2023-09-19T16:00,25.2,66,0.08,12.8,21.0
2023-09-19T17:00,24.7,68,0.04,10.5,0.0
2023-09-19T18:00,24.3,70,0.03,7.7,0.0
2023-09-19T19:00,24.1,77,0.01,5.4,0.0
2023-09-19T20:00,23.5,82,0.00,3.9,0.0
2023-09-19T21:00,23.1,85,0.00,3.1,0.0
2023-09-19T22:00,23.0,85,0.00,4.0,0.0
2023-09-19T23:00,22.9,85,0.00,3.2,0.0
2023-09-20T00:00,22.5,87,0.00,3.5,0.0
2023-09-20T01:00,22.0,90,0.00,4.8,0.0
2023-09-20T02:00,22.0,90,0.00,6.2,0.0
2023-09-20T03:00,22.0,90,0.00,6.9,0.0
2023-09-20T04:00,21.7,90,0.02,6.7,9.0
2023-09-20T05:00,23.3,79,0.08,6.4,116.0
2023-09-20T06:00,24.7,72,0.20,6.2,284.0
2023-09-20T07:00,26.3,66,0.30,7.4,425.0
2023-09-20T08:00,27.3,61,0.42,10.4,573.0
2023-09-20T09:00,28.2,58,0.48,14.3,643.0
2023-09-20T10:00,28.3,59,0.49,12.8,658.0
2023-09-20T11:00,28.3,58,0.51,16.7,679.0
2023-09-20T12:00,27.9,59,0.46,19.3,615.0
2023-09-20T13:00,27.4,60,0.39,18.7,511.0
2023-09-20T14:00,26.8,60,0.28,17.0,320.0
2023-09-20T15:00,26.1,61,0.17,16.4,145.0
2023-09-20T16:00,25.4,63,0.11,17.6,17.0
2023-09-20T17:00,25.0,65,0.07,14.3,0.0
2023-09-20T18:00,24.6,67,0.04,9.2,0.0
2023-09-20T19:00,24.6,68,0.03,8.2,0.0
2023-09-20T20:00,24.1,70,0.03,7.8,0.0
2023-09-20T21:00,23.7,72,0.02,6.6,0.0
2023-09-20T22:00,23.5,73,0.03,9.4,0.0
2023-09-20T23:00,23.1,75,0.03,10.4,0.0
2023-09-21T00:00,22.7,76,0.03,10.2,0.0
2023-09-21T01:00,22.5,78,0.02,9.6,0.0
2023-09-21T02:00,22.2,79,0.02,9.9,0.0
2023-09-21T03:00,22.2,79,0.02,10.3,0.0
2023-09-21T04:00,22.2,79,0.05,10.6,8.0
2023-09-21T05:00,23.2,73,0.10,11.4,109.0
2023-09-21T06:00,24.2,65,0.20,13.4,240.0
2023-09-21T07:00,25.7,58,0.34,14.5,447.0
2023-09-21T08:00,26.3,53,0.42,16.1,546.0
2023-09-21T09:00,26.9,51,0.50,17.7,666.0
2023-09-21T10:00,27.3,49,0.56,18.1,750.0
2023-09-21T11:00,27.3,49,0.55,18.8,730.0
2023-09-21T12:00,27.2,49,0.52,19.5,689.0
2023-09-21T13:00,26.9,49,0.42,19.8,518.0
2023-09-21T14:00,26.3,51,0.30,18.4,326.0
2023-09-21T15:00,25.8,52,0.19,16.6,147.0
2023-09-21T16:00,25.3,54,0.12,14.9,16.0
2023-09-21T17:00,24.9,56,0.08,12.4,0.0
2023-09-21T18:00,24.7,57,0.07,12.1,0.0
2023-09-21T19:00,24.3,65,0.05,10.5,0.0
2023-09-21T20:00,24.0,66,0.04,9.8,0.0
2023-09-21T21:00,23.8,67,0.04,10.0,0.0
2023-09-21T22:00,23.5,68,0.04,9.6,0.0
2023-09-21T23:00,23.1,70,0.04,10.2,0.0
2023-09-22T00:00,22.9,72,0.03,10.0,0.0
2023-09-22T01:00,22.5,74,0.03,10.4,0.0
2023-09-22T02:00,22.3,75,0.03,10.5,0.0
2023-09-22T03:00,22.1,76,0.03,10.1,0.0
2023-09-22T04:00,22.0,76,0.05,10.2,9.0
2023-09-22T05:00,23.1,70,0.11,10.9,121.0
2023-09-22T06:00,24.5,64,0.22,10.8,285.0
2023-09-22T07:00,26.2,56,0.34,11.5,454.0
2023-09-22T08:00,27.2,52,0.46,11.4,624.0
2023-09-22T09:00,28.1,49,0.55,12.9,743.0
2023-09-22T10:00,28.5,47,0.57,9.8,775.0
2023-09-22T11:00,28.7,46,0.59,11.5,801.0
2023-09-22T12:00,28.5,47,0.54,14.0,709.0
2023-09-22T13:00,27.9,49,0.43,14.5,558.0
2023-09-22T14:00,27.1,52,0.30,13.1,366.0
2023-09-22T15:00,26.3,56,0.16,10.7,161.0
2023-09-22T16:00,25.3,62,0.07,8.3,17.0
2023-09-22T17:00,24.7,66,0.02,6.0,0.0
2023-09-22T18:00,24.1,73,0.00,4.1,0.0
2023-09-22T19:00,23.5,77,0.00,3.4,0.0
2023-09-22T20:00,23.7,73,0.00,1.4,0.0
2023-09-22T21:00,22.5,81,0.00,1.6,0.0
2023-09-22T22:00,22.1,81,0.00,4.2,0.0
2023-09-22T23:00,21.8,81,0.00,4.3,0.0
2023-09-23T00:00,21.4,83,0.00,4.0,0.0
2023-09-23T01:00,21.2,82,0.00,3.4,0.0
2023-09-23T02:00,21.4,79,0.00,2.5,0.0
2023-09-23T03:00,21.1,79,0.00,1.5,0.0
2023-09-23T04:00,20.9,80,0.02,1.5,9.0
2023-09-23T05:00,24.0,65,0.08,3.1,131.0
2023-09-23T06:00,26.0,52,0.22,2.9,329.0
2023-09-23T07:00,27.2,50,0.35,4.6,494.0
2023-09-23T08:00,28.5,46,0.49,7.2,669.0
2023-09-23T09:00,29.5,44,0.59,11.0,772.0
2023-09-23T10:00,29.9,43,0.62,13.0,806.0
2023-09-23T11:00,30.1,43,0.62,14.6,786.0
2023-09-23T12:00,29.5,45,0.54,16.8,667.0
2023-09-23T13:00,28.6,49,0.43,17.4,521.0
2023-09-23T14:00,27.7,51,0.31,16.4,347.0
2023-09-23T15:00,26.7,55,0.19,15.3,152.0
2023-09-23T16:00,25.9,58,0.12,15.3,15.0
2023-09-23T17:00,25.3,61,0.09,16.3,0.0
2023-09-23T18:00,24.8,63,0.08,14.8,0.0
2023-09-23T19:00,24.5,66,0.07,14.2,0.0
2023-09-23T20:00,24.1,67,0.06,13.2,0.0
2023-09-23T21:00,23.8,68,0.05,11.3,0.0
2023-09-23T22:00,23.5,69,0.05,12.3,0.0
2023-09-23T23:00,23.2,70,0.04,11.0,0.0
2023-09-24T00:00,22.8,71,0.04,10.5,0.0
2023-09-24T01:00,22.6,72,0.04,10.8,0.0
2023-09-24T02:00,22.5,72,0.03,10.1,0.0
2023-09-24T03:00,22.6,71,0.03,10.1,0.0
2023-09-24T04:00,22.6,72,0.06,12.2,9.0
2023-09-24T05:00,24.1,65,0.13,12.0,133.0
2023-09-24T06:00,26.3,48,0.27,11.0,334.0
2023-09-24T07:00,28.7,36,0.40,7.0,530.0
2023-09-24T08:00,30.6,31,0.51,4.9,689.0
2023-09-24T09:00,31.7,30,0.64,11.5,792.0
2023-09-24T10:00,32.0,31,0.70,16.5,829.0
2023-09-24T11:00,31.8,32,0.69,18.8,797.0
2023-09-24T12:00,31.2,34,0.63,21.7,701.0
2023-09-24T13:00,30.2,37,0.53,23.3,549.0
2023-09-24T14:00,29.0,40,0.40,24.6,356.0
2023-09-24T15:00,27.7,44,0.27,24.3,153.0
2023-09-24T16:00,26.7,48,0.18,21.2,14.0
2023-09-24T17:00,25.9,52,0.14,20.4,0.0
2023-09-24T18:00,25.4,54,0.13,19.0,0.0
2023-09-24T19:00,25.1,58,0.10,17.1,0.0
2023-09-24T20:00,24.9,59,0.09,15.5,0.0
2023-09-24T21:00,24.7,59,0.08,14.0,0.0
2023-09-24T22:00,24.4,60,0.09,15.8,0.0
2023-09-24T23:00,24.2,62,0.08,15.4,0.0
2023-09-25T00:00,24.0,64,0.07,15.3,0.0
2023-09-25T01:00,23.8,68,0.06,14.3,0.0
2023-09-25T02:00,23.6,70,0.05,12.7,0.0
2023-09-25T03:00,23.5,71,0.04,10.9,0.0
2023-09-25T04:00,23.4,72,0.06,9.4,8.0
2023-09-25T05:00,24.8,65,0.11,8.7,130.0
2023-09-25T06:00,27.3,51,0.25,7.5,330.0
2023-09-25T07:00,29.5,41,0.41,8.3,523.0
2023-09-25T08:00,31.0,38,0.55,11.3,680.0
2023-09-25T09:00,31.9,36,0.65,14.0,782.0
2023-09-25T10:00,32.4,35,0.71,19.8,819.0
2023-09-25T11:00,32.3,37,0.69,21.8,788.0
2023-09-25T12:00,31.7,39,0.62,22.7,692.0
2023-09-25T13:00,30.7,42,0.51,22.2,541.0
2023-09-25T14:00,29.8,44,0.37,21.1,349.0
2023-09-25T15:00,28.7,47,0.23,18.8,148.0
2023-09-25T16:00,27.6,50,0.15,15.9,13.0
2023-09-25T17:00,26.9,53,0.12,15.8,0.0
2023-09-25T18:00,26.3,55,0.11,15.3,0.0
2023-09-25T19:00,26.2,55,0.09,13.7,0.0
2023-09-25T20:00,25.7,57,0.08,12.3,0.0
2023-09-25T21:00,25.2,59,0.07,11.4,0.0
2023-09-25T22:00,24.8,60,0.08,13.2,0.0
2023-09-25T23:00,24.5,61,0.07,13.5,0.0
2023-09-26T00:00,24.1,62,0.07,13.8,0.0
2023-09-26T01:00,23.7,64,0.06,12.7,0.0
2023-09-26T02:00,23.4,65,0.05,11.2,0.0
2023-09-26T03:00,23.0,66,0.04,9.4,0.0
2023-09-26T04:00,22.8,67,0.06,7.9,8.0
2023-09-26T05:00,24.6,60,0.11,6.9,132.0
2023-09-26T06:00,27.7,45,0.25,5.9,334.0
2023-09-26T07:00,29.4,34,0.40,6.4,530.0
2023-09-26T08:00,30.9,31,0.55,9.4,688.0
2023-09-26T09:00,31.8,32,0.65,12.9,792.0
2023-09-26T10:00,32.2,33,0.69,15.5,831.0
2023-09-26T11:00,32.1,35,0.68,18.0,800.0
2023-09-26T12:00,31.6,37,0.62,20.0,703.0
2023-09-26T13:00,30.8,39,0.51,20.9,548.0
2023-09-26T14:00,29.6,43,0.38,20.6,352.0
2023-09-26T15:00,28.3,47,0.23,19.0,147.0
2023-09-26T16:00,27.2,52,0.15,17.3,12.0
2023-09-26T17:00,26.5,54,0.11,15.8,0.0
2023-09-26T18:00,26.0,54,0.10,14.2,0.0
2023-09-26T19:00,25.7,55,0.09,12.9,0.0
2023-09-26T20:00,25.3,56,0.08,11.6,0.0
2023-09-26T21:00,24.9,57,0.07,10.6,0.0
2023-09-26T22:00,24.5,58,0.08,12.7,0.0
2023-09-26T23:00,24.3,59,0.07,11.3,0.0
2023-09-27T00:00,24.0,61,0.05,9.8,0.0
2023-09-27T01:00,23.7,63,0.04,8.3,0.0
2023-09-27T02:00,23.3,64,0.03,7.1,0.0
2023-09-27T03:00,23.0,66,0.03,6.8,0.0
2023-09-27T04:00,22.8,66,0.05,6.5,8.0
2023-09-27T05:00,24.3,61,0.11,7.6,129.0
2023-09-27T06:00,27.3,45,0.27,9.0,330.0
2023-09-27T07:00,28.8,41,0.42,10.3,524.0
2023-09-27T08:00,30.0,40,0.53,10.8,681.0
2023-09-27T09:00,31.0,38,0.62,11.1,784.0
2023-09-27T10:00,31.6,36,0.67,13.7,822.0
2023-09-27T11:00,31.8,36,0.66,16.5,791.0
2023-09-27T12:00,31.3,36,0.61,18.8,694.0
2023-09-27T13:00,30.6,37,0.51,20.1,540.0
2023-09-27T14:00,29.7,38,0.38,19.7,346.0
2023-09-27T15:00,28.6,42,0.24,18.2,143.0
2023-09-27T16:00,27.6,46,0.16,15.8,11.0
2023-09-27T17:00,27.0,48,0.12,14.1,0.0
2023-09-27T18:00,26.5,48,0.11,13.0,0.0
2023-09-27T19:00,25.7,52,0.08,11.4,0.0
2023-09-27T20:00,25.2,54,0.08,11.1,0.0
2023-09-27T21:00,24.8,56,0.07,10.5,0.0
2023-09-27T22:00,24.5,58,0.07,11.2,0.0
2023-09-27T23:00,24.2,59,0.06,9.8,0.0
2023-09-28T00:00,23.9,61,0.04,8.1,0.0
2023-09-28T01:00,23.5,63,0.03,6.9,0.0
2023-09-28T02:00,23.1,65,0.02,5.8,0.0
2023-09-28T03:00,22.7,68,0.01,4.6,0.0
2023-09-28T04:00,22.3,69,0.03,3.1,7.0
2023-09-28T05:00,23.9,63,0.08,2.5,130.0
2023-09-28T06:00,26.3,49,0.22,3.2,333.0
2023-09-28T07:00,27.2,47,0.37,4.6,523.0
2023-09-28T08:00,28.4,43,0.48,6.3,665.0
2023-09-28T09:00,29.2,41,0.58,9.5,778.0
2023-09-28T10:00,29.5,42,0.62,13.7,814.0
2023-09-28T11:00,29.3,44,0.60,14.9,781.0
2023-09-28T12:00,28.9,45,0.53,15.9,683.0
2023-09-28T13:00,28.2,48,0.44,17.8,530.0
2023-09-28T14:00,27.2,53,0.30,17.4,336.0
2023-09-28T15:00,26.1,59,0.16,15.3,135.0
2023-09-28T16:00,25.1,65,0.08,12.0,9.0
2023-09-28T17:00,24.6,69,0.03,8.3,0.0
2023-09-28T18:00,24.2,71,0.02,6.2,0.0
2023-09-28T19:00,23.7,75,0.01,5.9,0.0
2023-09-28T20:00,23.2,79,0.00,4.7,0.0
2023-09-28T21:00,22.7,82,0.00,4.8,0.0
2023-09-28T22:00,22.3,84,0.00,5.6,0.0
2023-09-28T23:00,22.0,86,0.00,4.5,0.0
2023-09-29T00:00,21.7,87,0.00,3.1,0.0
2023-09-29T01:00,21.5,88,0.00,4.0,0.0
2023-09-29T02:00,21.4,88,0.00,3.0,0.0
2023-09-29T03:00,21.4,88,0.00,1.9,0.0
2023-09-29T04:00,21.4,88,0.01,0.5,6.0
2023-09-29T05:00,23.6,77,0.07,1.5,121.0
2023-09-29T06:00,26.0,62,0.21,2.1,316.0
2023-09-29T07:00,27.4,56,0.36,5.9,507.0
2023-09-29T08:00,28.7,52,0.49,10.0,663.0
2023-09-29T09:00,29.7,50,0.58,12.0,764.0
2023-09-29T10:00,30.3,49,0.61,11.8,800.0
2023-09-29T11:00,30.7,48,0.60,14.6,769.0
2023-09-29T12:00,30.4,49,0.55,18.1,674.0
2023-09-29T13:00,29.7,52,0.45,20.4,521.0
2023-09-29T14:00,28.7,56,0.31,19.8,330.0
2023-09-29T15:00,27.6,62,0.17,18.4,131.0
2023-09-29T16:00,26.6,67,0.10,15.9,8.0
2023-09-29T17:00,25.9,71,0.06,14.8,0.0
2023-09-29T18:00,25.4,74,0.04,12.7,0.0
2023-09-29T19:00,25.0,74,0.04,11.3,0.0
2023-09-29T20:00,24.7,75,0.03,11.3,0.0
2023-09-29T21:00,24.4,77,0.03,11.6,0.0
2023-09-29T22:00,24.2,79,0.03,11.7,0.0
2023-09-29T23:00,24.0,80,0.02,11.0,0.0
2023-09-30T00:00,23.9,80,0.02,9.5,0.0
2023-09-30T01:00,23.9,79,0.01,8.0,0.0
2023-09-30T02:00,23.9,79,0.01,7.3,0.0
2023-09-30T03:00,23.8,80,0.01,6.5,0.0
2023-09-30T04:00,23.5,82,0.03,5.9,6.0
2023-09-30T05:00,25.0,76,0.09,6.9,119.0
2023-09-30T06:00,26.9,66,0.21,9.0,274.0
2023-09-30T07:00,28.7,58,0.36,9.4,473.0
2023-09-30T08:00,30.4,51,0.51,9.8,665.0
2023-09-30T09:00,31.9,46,0.61,12.1,766.0
2023-09-30T10:00,32.8,44,0.66,14.2,804.0
2023-09-30T11:00,32.9,45,0.65,18.0,772.0
2023-09-30T12:00,32.5,47,0.59,21.8,675.0
2023-09-30T13:00,31.7,50,0.49,23.4,522.0
2023-09-30T14:00,30.7,53,0.35,22.6,329.0
2023-09-30T15:00,29.4,59,0.20,19.2,129.0
2023-09-30T16:00,28.2,64,0.12,17.6,7.0
2023-09-30T17:00,27.5,66,0.09,17.0,0.0
2023-09-30T18:00,26.9,68,0.08,17.7,0.0
2023-09-30T19:00,26.8,65,0.09,18.0,0.0
2023-09-30T20:00,26.4,68,0.07,15.2,0.0
2023-09-30T21:00,26.1,70,0.05,11.8,0.0
2023-09-30T22:00,25.8,71,0.05,11.5,0.0
2023-09-30T23:00,25.5,71,0.03,9.3,0.0
2023-10-01T00:00,25.3,72,0.02,7.7,0.0
2023-10-01T01:00,25.1,74,0.02,6.6,0.0
2023-10-01T02:00,24.4,76,0.00,4.6,0.0
2023-10-01T03:00,24.3,76,0.00,2.6,0.0
2023-10-01T04:00,24.4,73,0.01,0.4,6.0
2023-10-01T05:00,25.9,67,0.07,1.8,120.0
2023-10-01T06:00,28.1,62,0.23,4.2,317.0
2023-10-01T07:00,30.1,54,0.39,8.4,506.0
2023-10-01T08:00,31.1,52,0.52,11.9,659.0
2023-10-01T09:00,31.7,53,0.60,14.7,758.0
2023-10-01T10:00,31.8,53,0.62,15.1,792.0
2023-10-01T11:00,31.3,55,0.55,14.9,695.0
2023-10-01T12:00,31.0,54,0.50,15.2,624.0
2023-10-01T13:00,30.4,55,0.42,16.1,495.0
2023-10-01T14:00,29.5,58,0.29,16.1,314.0
2023-10-01T15:00,28.3,65,0.15,14.3,122.0
2023-10-01T16:00,27.2,73,0.07,11.5,6.0
2023-10-01T17:00,26.5,78,0.02,9.0,0.0
2023-10-01T18:00,25.8,82,0.01,6.5,0.0
2023-10-01T19:00,25.2,82,0.01,6.1,0.0
2023-10-01T20:00,25.0,83,0.00,3.1,0.0
2023-10-01T21:00,24.7,84,0.00,2.3,0.0
2023-10-01T22:00,24.6,84,0.00,1.6,0.0
2023-10-01T23:00,23.7,88,0.00,1.9,0.0
2023-10-02T00:00,22.7,92,0.00,1.8,0.0
2023-10-02T01:00,22.8,91,0.00,2.3,0.0
2023-10-02T02:00,22.9,90,0.00,4.0,0.0
2023-10-02T03:00,22.9,89,0.00,5.4,0.0
2023-10-02T04:00,22.9,88,0.02,6.2,5.0
2023-10-02T05:00,24.4,81,0.08,7.9,111.0
2023-10-02T06:00,26.0,71,0.22,10.0,302.0
2023-10-02T07:00,27.6,65,0.36,9.9,502.0
2023-10-02T08:00,28.8,58,0.47,10.8,637.0
2023-10-02T09:00,29.8,55,0.57,13.4,768.0
2023-10-02T10:00,30.2,54,0.60,13.7,801.0
2023-10-02T11:00,30.2,55,0.58,15.2,767.0
2023-10-02T12:00,29.8,56,0.51,16.9,669.0
2023-10-02T13:00,28.9,60,0.40,16.9,514.0
2023-10-02T14:00,27.9,64,0.26,14.5,320.0
2023-10-02T15:00,26.8,68,0.12,11.4,121.0
2023-10-02T16:00,25.9,73,0.05,8.1,6.0
2023-10-02T17:00,25.5,75,0.01,4.3,0.0
2023-10-02T18:00,24.9,78,0.00,0.8,0.0
2023-10-02T19:00,24.2,86,0.00,4.6,0.0
2023-10-02T20:00,23.8,89,0.00,6.6,0.0
2023-10-02T21:00,23.5,87,0.00,6.8,0.0
2023-10-02T22:00,23.1,83,0.00,6.8,0.0
2023-10-02T23:00,23.1,77,0.02,8.6,0.0
2023-10-03T00:00,22.9,72,0.03,10.1,0.0
2023-10-03T01:00,22.8,69,0.04,11.2,0.0
2023-10-03T02:00,22.7,68,0.05,12.2,0.0
2023-10-03T03:00,22.8,66,0.05,12.7,0.0
2023-10-03T04:00,23.0,64,0.08,12.8,5.0
2023-10-03T05:00,24.5,59,0.13,13.6,101.0
2023-10-03T06:00,26.2,57,0.25,15.0,276.0
2023-10-03T07:00,27.6,60,0.35,14.8,457.0
2023-10-03T08:00,28.7,56,0.42,14.8,523.0
2023-10-03T09:00,29.5,55,0.51,15.1,667.0
2023-10-03T10:00,29.6,57,0.54,14.7,712.0
2023-10-03T11:00,29.3,61,0.53,15.8,718.0
2023-10-03T12:00,28.8,64,0.45,14.8,609.0
2023-10-03T13:00,28.0,67,0.35,13.3,474.0
2023-10-03T14:00,27.1,70,0.23,12.6,300.0
2023-10-03T15:00,26.1,74,0.10,10.8,106.0
2023-10-03T16:00,25.5,75,0.05,8.3,5.0
2023-10-03T17:00,25.2,77,0.01,6.1,0.0
2023-10-03T18:00,24.6,80,0.01,6.2,0.0
2023-10-03T19:00,24.1,83,0.00,6.2,0.0
2023-10-03T20:00,23.7,85,0.00,5.9,0.0
2023-10-03T21:00,23.3,87,0.00,4.9,0.0
2023-10-03T22:00,22.8,90,0.00,6.0,0.0
2023-10-03T23:00,22.4,91,0.00,6.4,0.0
2023-10-04T00:00,22.0,91,0.00,5.0,0.0
2023-10-04T01:00,21.8,91,0.00,4.0,0.0
2023-10-04T02:00,21.7,90,0.00,4.4,0.0
2023-10-04T03:00,21.8,88,0.00,5.2,0.0
2023-10-04T04:00,22.2,84,0.03,6.3,4.0
2023-10-04T05:00,24.1,72,0.08,6.2,104.0
2023-10-04T06:00,25.5,68,0.19,6.9,257.0
2023-10-04T07:00,27.0,63,0.34,8.1,486.0
2023-10-04T08:00,28.2,58,0.46,9.7,641.0
2023-10-04T09:00,29.1,55,0.55,11.2,740.0
2023-10-04T10:00,29.6,54,0.57,10.1,769.0
2023-10-04T11:00,29.6,54,0.56,14.3,743.0
2023-10-04T12:00,29.3,55,0.50,17.8,641.0
2023-10-04T13:00,28.2,60,0.38,18.4,491.0
2023-10-04T14:00,26.9,64,0.24,16.1,277.0
2023-10-04T15:00,25.9,67,0.12,12.2,108.0
2023-10-04T16:00,25.3,70,0.06,8.1,4.0
2023-10-04T17:00,24.9,71,0.02,5.7,0.0
2023-10-04T18:00,24.5,74,0.00,3.7,0.0
2023-10-04T19:00,24.0,81,0.00,3.0,0.0
2023-10-04T20:00,24.1,79,0.00,1.5,0.0
2023-10-04T21:00,23.7,81,0.00,0.8,0.0
2023-10-04T22:00,22.8,86,0.00,2.5,0.0
2023-10-04T23:00,22.0,90,0.00,4.0,0.0
2023-10-05T00:00,21.6,92,0.00,4.7,0.0
2023-10-05T01:00,21.4,91,0.00,4.0,0.0
2023-10-05T02:00,21.6,89,0.00,3.3,0.0
2023-10-05T03:00,21.6,88,0.00,2.9,0.0
2023-10-05T04:00,21.5,87,0.02,3.6,4.0
2023-10-05T05:00,23.4,76,0.07,3.9,106.0
2023-10-05T06:00,25.0,67,0.19,5.1,277.0
2023-10-05T07:00,26.3,64,0.32,6.6,461.0
2023-10-05T08:00,27.6,58,0.45,8.7,637.0
2023-10-05T09:00,28.5,54,0.54,10.5,750.0
2023-10-05T10:00,28.9,53,0.57,10.6,787.0
2023-10-05T11:00,28.6,54,0.55,14.2,747.0
2023-10-05T12:00,28.0,57,0.48,15.9,650.0
2023-10-05T13:00,27.3,59,0.37,15.3,498.0
2023-10-05T14:00,26.6,61,0.25,14.8,300.0
2023-10-05T15:00,25.7,64,0.13,13.9,110.0
2023-10-05T16:00,25.0,67,0.08,12.3,4.0
2023-10-05T17:00,24.4,69,0.04,10.2,0.0
2023-10-05T18:00,23.9,72,0.03,8.3,0.0
2023-10-05T19:00,23.8,77,0.02,7.4,0.0
2023-10-05T20:00,23.3,80,0.01,7.2,0.0
2023-10-05T21:00,22.8,82,0.01,6.8,0.0
2023-10-05T22:00,22.5,84,0.01,8.6,0.0
2023-10-05T23:00,22.1,85,0.01,8.2,0.0
2023-10-06T00:00,21.9,85,0.00,8.1,0.0
2023-10-06T01:00,21.7,85,0.00,7.0,0.0
2023-10-06T02:00,21.7,85,0.00,5.6,0.0
2023-10-06T03:00,21.5,85,0.00,4.8,0.0
2023-10-06T04:00,21.4,85,0.02,4.1,4.0
2023-10-06T05:00,23.0,78,0.07,4.4,105.0
2023-10-06T06:00,25.3,63,0.19,4.5,284.0
2023-10-06T07:00,26.5,59,0.30,4.4,432.0
2023-10-06T08:00,27.8,53,0.44,6.6,605.0
2023-10-06T09:00,28.8,50,0.53,10.5,715.0
2023-10-06T10:00,29.2,50,0.58,14.3,775.0
2023-10-06T11:00,28.9,52,0.54,17.1,716.0
2023-10-06T12:00,28.4,53,0.49,17.8,642.0
2023-10-06T13:00,27.6,54,0.39,17.8,489.0
2023-10-06T14:00,26.8,55,0.27,16.8,299.0
2023-10-06T15:00,25.8,56,0.15,14.5,105.0
2023-10-06T16:00,25.0,59,0.10,12.1,3.0
2023-10-06T17:00,24.4,62,0.06,10.5,0.0
2023-10-06T18:00,23.9,65,0.04,8.0,0.0
2023-10-06T19:00,23.4,69,0.02,6.8,0.0
2023-10-06T20:00,23.0,72,0.02,6.9,0.0
2023-10-06T21:00,22.6,75,0.02,7.1,0.0
2023-10-06T22:00,22.3,77,0.02,7.9,0.0
2023-10-06T23:00,21.9,80,0.01,8.9,0.0
2023-10-07T00:00,21.7,82,0.01,8.7,0.0
2023-10-07T01:00,21.7,82,0.01,7.9,0.0
2023-10-07T02:00,21.5,83,0.00,6.6,0.0
2023-10-07T03:00,21.7,83,0.00,4.6,0.0
2023-10-07T04:00,21.8,82,0.02,2.7,3.0
2023-10-07T05:00,22.5,77,0.06,2.6,93.0
2023-10-07T06:00,23.8,68,0.17,4.1,262.0
2023-10-07T07:00,25.3,63,0.28,6.3,403.0
2023-10-07T08:00,26.2,59,0.37,9.8,502.0
2023-10-07T09:00,26.6,57,0.40,14.0,517.0
2023-10-07T10:00,27.0,55,0.45,14.0,590.0
2023-10-07T11:00,26.5,56,0.42,15.1,549.0
2023-10-07T12:00,26.0,57,0.37,14.5,490.0
2023-10-07T13:00,25.6,58,0.32,14.5,417.0
2023-10-07T14:00,24.9,59,0.22,14.6,254.0
2023-10-07T15:00,24.1,61,0.12,13.5,94.0
2023-10-07T16:00,23.4,62,0.08,11.6,3.0
2023-10-07T17:00,23.0,63,0.04,8.7,0.0
2023-10-07T18:00,22.7,64,0.03,8.0,0.0
2023-10-07T19:00,22.6,63,0.03,7.1,0.0
2023-10-07T20:00,22.2,65,0.02,6.4,0.0
2023-10-07T21:00,21.8,67,0.03,7.1,0.0
2023-10-07T22:00,21.1,70,0.02,7.6,0.0
2023-10-07T23:00,21.5,68,0.02,6.5,0.0
2023-10-08T00:00,21.8,66,0.01,4.2,0.0
2023-10-08T01:00,21.7,66,0.01,4.2,0.0
2023-10-08T02:00,20.0,74,0.01,5.0,0.0
2023-10-08T03:00,19.6,77,0.01,6.6,0.0
2023-10-08T04:00,19.8,77,0.04,8.8,3.0
2023-10-08T05:00,21.4,69,0.09,10.7,103.0
2023-10-08T06:00,23.4,57,0.22,10.5,285.0
2023-10-08T07:00,25.1,52,0.35,11.3,474.0
2023-10-08T08:00,26.0,50,0.44,12.3,598.0
2023-10-08T09:00,26.3,51,0.46,13.0,618.0
2023-10-08T10:00,26.2,53,0.48,12.3,664.0
2023-10-08T11:00,25.9,57,0.44,12.3,608.0
2023-10-08T12:00,25.7,58,0.39,12.8,537.0
2023-10-08T13:00,25.3,59,0.31,12.4,413.0
2023-10-08T14:00,24.9,59,0.21,11.6,251.0
2023-10-08T15:00,24.1,62,0.11,11.0,87.0
2023-10-08T16:00,23.5,64,0.07,9.6,2.0
2023-10-08T17:00,23.2,65,0.03,6.8,0.0
2023-10-08T18:00,22.8,67,0.02,5.3,0.0
2023-10-08T19:00,22.7,65,0.02,5.2,0.0
2023-10-08T20:00,22.0,69,0.01,5.0,0.0
2023-10-08T21:00,21.4,73,0.00,4.5,0.0
2023-10-08T22:00,21.2,73,0.02,8.3,0.0
2023-10-08T23:00,20.6,76,0.01,6.8,0.0
2023-10-09T00:00,20.5,77,0.00,3.5,0.0
2023-10-09T01:00,20.5,79,0.00,3.3,0.0
2023-10-09T02:00,20.5,81,0.00,4.8,0.0
2023-10-09T03:00,20.2,81,0.00,5.2,0.0
2023-10-09T04:00,19.9,81,0.03,6.3,3.0
2023-10-09T05:00,21.5,71,0.07,6.6,86.0
2023-10-09T06:00,23.5,56,0.18,5.4,246.0
2023-10-09T07:00,24.9,55,0.29,5.4,418.0
2023-10-09T08:00,25.7,53,0.37,8.3,515.0
2023-10-09T09:00,26.1,53,0.45,9.7,631.0
2023-10-09T10:00,25.7,56,0.36,9.0,484.0
2023-10-09T11:00,25.5,57,0.37,10.9,495.0
2023-10-09T12:00,25.4,58,0.34,14.4,430.0
2023-10-09T13:00,24.8,60,0.25,15.5,282.0
2023-10-09T14:00,24.5,60,0.20,14.3,224.0
2023-10-09T15:00,23.8,62,0.11,13.5,67.0
2023-10-09T16:00,23.4,64,0.09,12.3,1.0
2023-10-09T17:00,23.2,65,0.05,10.1,0.0
2023-10-09T18:00,22.9,67,0.03,7.7,0.0
2023-10-09T19:00,22.7,65,0.02,5.4,0.0
2023-10-09T20:00,21.8,74,0.00,3.9,0.0
2023-10-09T21:00,22.1,68,0.00,3.6,0.0
2023-10-09T22:00,22.0,68,0.00,3.1,0.0
2023-10-09T23:00,20.8,77,0.00,3.7,0.0
2023-10-10T00:00,20.3,78,0.00,4.4,0.0
2023-10-10T01:00,19.9,80,0.00,5.5,0.0
2023-10-10T02:00,19.6,82,0.00,6.6,0.0
2023-10-10T03:00,19.4,82,0.00,6.9,0.0
2023-10-10T04:00,19.4,81,0.03,7.4,3.0
2023-10-10T05:00,20.8,75,0.07,7.1,100.0
2023-10-10T06:00,23.6,53,0.19,4.1,288.0
2023-10-10T07:00,25.1,47,0.31,1.9,469.0
2023-10-10T08:00,26.2,43,0.42,2.3,626.0
2023-10-10T09:00,27.1,40,0.51,5.5,723.0
2023-10-10T10:00,27.7,39,0.55,6.6,771.0
2023-10-10T11:00,27.8,40,0.55,11.6,741.0
2023-10-10T12:00,27.5,43,0.49,14.8,634.0
2023-10-10T13:00,26.9,46,0.39,15.7,480.0
2023-10-10T14:00,26.0,50,0.26,15.5,286.0
2023-10-10T15:00,25.0,54,0.15,15.1,93.0
2023-10-10T16:00,24.1,58,0.11,13.9,1.0
2023-10-10T17:00,23.5,60,0.07,12.7,0.0
2023-10-10T18:00,23.1,61,0.06,11.9,0.0
2023-10-10T19:00,22.8,67,0.05,11.3,0.0
2023-10-10T20:00,22.5,68,0.04,10.9,0.0
2023-10-10T21:00,22.2,70,0.04,11.0,0.0
2023-10-10T22:00,22.0,73,0.02,7.6,0.0
2023-10-10T23:00,21.9,75,0.02,8.0,0.0
2023-10-11T00:00,21.7,77,0.02,9.4,0.0
2023-10-11T01:00,21.7,79,0.02,10.7,0.0
2023-10-11T02:00,21.6,80,0.02,10.0,0.0
2023-10-11T03:00,21.5,81,0.02,11.3,0.0
2023-10-11T04:00,21.5,82,0.04,11.3,2.0
2023-10-11T05:00,22.4,77,0.08,10.5,94.0
2023-10-11T06:00,24.3,67,0.20,9.7,282.0
2023-10-11T07:00,25.5,60,0.31,9.4,425.0
2023-10-11T08:00,26.8,53,0.42,10.2,578.0
2023-10-11T09:00,27.9,48,0.53,12.1,714.0
2023-10-11T10:00,28.4,47,0.54,10.8,729.0
2023-10-11T11:00,28.5,47,0.54,14.9,701.0
2023-10-11T12:00,28.2,49,0.49,17.6,622.0
2023-10-11T13:00,27.4,54,0.38,19.0,464.0
2023-10-11T14:00,26.1,61,0.25,19.5,278.0
2023-10-11T15:00,25.0,65,0.13,17.9,88.0
2023-10-11T16:00,24.2,69,0.09,15.9,1.0
2023-10-11T17:00,23.8,72,0.05,14.4,0.0
2023-10-11T18:00,23.5,74,0.04,13.7,0.0
2023-10-11T19:00,23.4,79,0.03,12.6,0.0
2023-10-11T20:00,23.1,81,0.02,11.2,0.0
2023-10-11T21:00,22.9,82,0.01,9.8,0.0
2023-10-11T22:00,22.6,84,0.00,5.1,0.0
2023-10-11T23:00,22.5,85,0.00,4.0,0.0
2023-10-12T00:00,22.3,86,0.00,6.5,0.0
2023-10-12T01:00,22.2,86,0.00,7.6,0.0
2023-10-12T02:00,22.1,87,0.00,6.0,0.0
2023-10-12T03:00,22.0,87,0.00,5.5,0.0
2023-10-12T04:00,22.0,87,0.02,4.9,2.0
2023-10-12T05:00,22.7,83,0.05,4.9,72.0
2023-10-12T06:00,24.4,69,0.14,5.1,194.0
2023-10-12T07:00,25.5,66,0.26,6.0,366.0
2023-10-12T08:00,26.6,60,0.37,8.2,515.0
2023-10-12T09:00,27.4,56,0.44,10.0,598.0
2023-10-12T10:00,28.0,53,0.48,13.0,643.0
2023-10-12T11:00,27.8,54,0.44,15.3,561.0
2023-10-12T12:00,26.9,60,0.38,17.9,499.0
2023-10-12T13:00,26.1,63,0.30,19.1,368.0
2023-10-12T14:00,25.6,63,0.22,17.1,240.0
2023-10-12T15:00,24.9,65,0.12,15.1,79.0
2023-10-12T16:00,24.2,67,0.08,12.7,1.0
2023-10-12T17:00,23.8,69,0.03,9.0,0.0
2023-10-12T18:00,23.5,71,0.02,6.9,0.0
2023-10-12T19:00,22.9,75,0.01,6.1,0.0
2023-10-12T20:00,22.4,79,0.01,5.7,0.0
2023-10-12T21:00,22.0,81,0.00,4.8,0.0
2023-10-12T22:00,21.9,82,0.00,3.7,0.0
2023-10-12T23:00,21.4,85,0.00,4.4,0.0
2023-10-13T00:00,21.0,87,0.00,4.2,0.0
2023-10-13T01:00,20.9,88,0.00,4.4,0.0
2023-10-13T02:00,20.4,91,0.00,3.6,0.0
2023-10-13T03:00,20.4,91,0.00,2.8,0.0
2023-10-13T04:00,20.4,91,0.02,2.3,1.0
2023-10-13T05:00,21.4,86,0.04,3.3,70.0
2023-10-13T06:00,22.5,77,0.12,5.2,179.0
2023-10-13T07:00,23.7,69,0.24,7.4,348.0
2023-10-13T08:00,24.4,66,0.31,11.2,430.0
2023-10-13T09:00,25.1,62,0.40,15.1,569.0
2023-10-13T10:00,25.0,62,0.36,10.6,493.0
2023-10-13T11:00,25.5,59,0.43,12.0,616.0
2023-10-13T12:00,25.4,58,0.39,13.6,546.0
2023-10-13T13:00,25.1,58,0.32,14.5,429.0
2023-10-13T14:00,24.5,60,0.21,14.8,249.0
2023-10-13T15:00,23.6,65,0.11,14.5,78.0
2023-10-13T16:00,22.9,68,0.06,10.4,1.0
2023-10-13T17:00,22.6,69,0.02,6.7,0.0
2023-10-13T18:00,22.2,73,0.01,4.9,0.0
2023-10-13T19:00,22.0,76,0.01,6.1,0.0
2023-10-13T20:00,21.5,79,0.00,5.7,0.0
2023-10-13T21:00,20.8,83,0.00,5.0,0.0
2023-10-13T22:00,20.4,86,0.00,5.4,0.0
2023-10-13T23:00,20.4,86,0.00,4.3,0.0
2023-10-14T00:00,19.8,89,0.00,4.6,0.0
2023-10-14T01:00,19.5,90,0.00,3.8,0.0
2023-10-14T02:00,18.8,93,0.00,4.2,0.0
2023-10-14T03:00,19.0,92,0.00,5.2,0.0
2023-10-14T04:00,19.0,90,0.02,6.6,1.0
2023-10-14T05:00,20.3,82,0.05,5.8,67.0
2023-10-14T06:00,22.0,72,0.16,6.0,243.0
2023-10-14T07:00,23.5,64,0.24,5.2,344.0
2023-10-14T08:00,24.5,58,0.34,3.5,497.0
2023-10-14T09:00,25.7,53,0.44,4.2,634.0
2023-10-14T10:00,26.7,49,0.49,6.5,686.0
2023-10-14T11:00,26.7,48,0.46,11.5,614.0
2023-10-14T12:00,26.2,50,0.41,14.2,535.0
2023-10-14T13:00,25.3,55,0.30,16.1,357.0
2023-10-14T14:00,24.6,58,0.21,15.2,222.0
2023-10-14T15:00,23.7,61,0.11,13.4,76.0
2023-10-14T16:00,23.1,64,0.08,12.5,0.0
2023-10-14T17:00,22.8,66,0.04,9.9,0.0
2023-10-14T18:00,22.1,76,0.01,6.2,0.0
2023-10-14T19:00,21.8,80,0.00,4.8,0.0
2023-10-14T20:00,21.2,83,0.00,3.1,0.0
2023-10-14T21:00,20.9,85,0.00,2.4,0.0
2023-10-14T22:00,20.2,87,0.00,7.7,0.0
2023-10-14T23:00,19.9,89,0.00,8.9,0.0
2023-10-15T00:00,19.3,91,0.00,8.0,0.0
2023-10-15T01:00,19.1,90,0.00,6.7,0.0
2023-10-15T02:00,19.3,88,0.00,6.8,0.0
2023-10-15T03:00,19.4,87,0.00,7.6,0.0
2023-10-15T04:00,19.8,84,0.03,8.1,1.0
2023-10-15T05:00,21.0,77,0.06,9.0,68.0
2023-10-15T06:00,22.8,64,0.17,8.6,227.0
2023-10-15T07:00,24.4,59,0.28,7.6,402.0
2023-10-15T08:00,25.5,53,0.38,8.2,526.0
2023-10-15T09:00,26.4,50,0.46,9.0,634.0
2023-10-15T10:00,27.1,47,0.51,8.5,708.0
2023-10-15T11:00,27.4,47,0.51,10.1,696.0
2023-10-15T12:00,27.2,50,0.45,12.3,600.0
2023-10-15T13:00,26.5,54,0.34,14.2,444.0
2023-10-15T14:00,25.5,59,0.21,13.5,250.0
2023-10-15T15:00,24.6,64,0.10,12.0,74.0
2023-10-15T16:00,23.7,68,0.06,9.4,0.0
2023-10-15T17:00,23.1,71,0.03,8.3,0.0
2023-10-15T18:00,22.7,73,0.02,8.3,0.0
2023-10-15T19:00,22.2,82,0.01,8.8,0.0
2023-10-15T20:00,21.9,83,0.02,11.0,0.0
2023-10-15T21:00,22.0,83,0.01,10.5,0.0
2023-10-15T22:00,21.8,83,0.02,11.4,0.0
2023-10-15T23:00,21.6,85,0.01,8.3,0.0
2023-10-16T00:00,21.3,86,0.01,10.0,0.0
2023-10-16T01:00,21.1,87,0.01,14.0,0.0
2023-10-16T02:00,20.7,89,0.01,13.8,0.0
2023-10-16T03:00,20.4,89,0.01,12.2,0.0
2023-10-16T04:00,19.9,90,0.03,13.7,1.0
2023-10-16T05:00,21.1,86,0.05,8.6,91.0
2023-10-16T06:00,25.3,59,0.18,3.8,271.0
2023-10-16T07:00,26.4,60,0.26,6.4,340.0
2023-10-16T08:00,27.7,51,0.39,6.6,520.0
2023-10-16T09:00,29.0,43,0.49,6.3,656.0
2023-10-16T10:00,30.0,37,0.58,13.8,719.0
2023-10-16T11:00,30.6,33,0.59,15.6,698.0
2023-10-16T12:00,30.6,33,0.56,21.9,599.0
2023-10-16T13:00,29.8,38,0.46,22.8,444.0
2023-10-16T14:00,28.4,46,0.29,18.2,245.0
2023-10-16T15:00,27.0,54,0.14,15.3,63.0
2023-10-16T16:00,25.9,61,0.08,13.4,0.0
2023-10-16T17:00,25.2,66,0.04,9.5,0.0
2023-10-16T18:00,24.4,75,0.02,8.4,0.0
2023-10-16T19:00,23.6,73,0.01,4.9,0.0
2023-10-16T20:00,23.1,75,0.00,3.5,0.0
2023-10-16T21:00,22.6,77,0.00,3.6,0.0
2023-10-16T22:00,22.1,78,0.01,7.3,0.0
2023-10-16T23:00,22.0,77,0.02,9.3,0.0
2023-10-17T00:00,22.0,75,0.03,10.9,0.0
2023-10-17T01:00,21.7,76,0.03,11.2,0.0
2023-10-17T02:00,21.2,78,0.02,10.2,0.0
2023-10-17T03:00,21.0,77,0.02,10.5,0.0
2023-10-17T04:00,20.5,80,0.05,12.0,1.0
2023-10-17T05:00,22.3,72,0.09,13.5,79.0
2023-10-17T06:00,24.1,64,0.20,15.6,230.0
2023-10-17T07:00,25.8,52,0.35,16.6,447.0
2023-10-17T08:00,26.8,47,0.47,17.6,608.0
2023-10-17T09:00,27.6,44,0.54,18.7,697.0
2023-10-17T10:00,27.8,43,0.56,23.3,712.0
2023-10-17T11:00,27.6,45,0.55,23.2,696.0
2023-10-17T12:00,27.0,49,0.47,21.6,594.0
2023-10-17T13:00,26.0,56,0.34,19.0,433.0
2023-10-17T14:00,25.0,63,0.21,16.5,234.0
2023-10-17T15:00,24.0,69,0.09,13.7,67.0
2023-10-17T16:00,23.3,74,0.03,11.3,0.0
2023-10-17T17:00,22.7,76,0.02,8.7,0.0
2023-10-17T18:00,22.4,78,0.01,6.4,0.0
2023-10-17T19:00,22.2,78,0.00,5.2,0.0
2023-10-17T20:00,21.0,83,0.00,4.2,0.0
2023-10-17T21:00,20.5,85,0.00,3.3,0.0
2023-10-17T22:00,20.2,86,0.00,5.8,0.0
2023-10-17T23:00,19.9,86,0.00,7.1,0.0
2023-10-18T00:00,19.4,88,0.00,6.9,0.0
2023-10-18T01:00,19.2,89,0.00,6.6,0.0
2023-10-18T02:00,19.1,90,0.00,4.4,0.0
2023-10-18T03:00,18.9,91,0.00,3.7,0.0
2023-10-18T04:00,18.7,91,0.02,4.2,1.0
2023-10-18T05:00,20.4,84,0.04,4.9,60.0
2023-10-18T06:00,22.1,70,0.14,5.4,198.0
2023-10-18T07:00,23.1,64,0.22,6.2,314.0
2023-10-18T08:00,24.4,57,0.37,6.5,556.0
2023-10-18T09:00,25.4,52,0.45,7.9,647.0
2023-10-18T10:00,25.8,51,0.45,10.0,636.0
2023-10-18T11:00,26.0,51,0.45,12.1,630.0
2023-10-18T12:00,25.9,53,0.41,12.6,559.0
2023-10-18T13:00,25.3,56,0.31,13.6,412.0
2023-10-18T14:00,24.4,60,0.20,13.0,248.0
2023-10-18T15:00,23.5,65,0.09,11.3,67.0
2023-10-18T16:00,22.7,69,0.03,9.2,0.0
2023-10-18T17:00,22.1,73,0.02,7.0,0.0
2023-10-18T18:00,21.3,82,0.00,5.2,0.0
2023-10-18T19:00,21.2,86,0.00,3.4,0.0
2023-10-18T20:00,21.7,81,0.00,3.2,0.0
2023-10-18T21:00,20.9,85,0.00,2.3,0.0
2023-10-18T22:00,19.9,90,0.00,2.5,0.0
2023-10-18T23:00,19.5,92,0.00,3.3,0.0
2023-10-19T00:00,19.2,92,0.00,3.7,0.0
2023-10-19T01:00,19.0,92,0.00,3.7,0.0
2023-10-19T02:00,18.8,92,0.00,3.2,0.0
2023-10-19T03:00,18.7,91,0.00,2.9,0.0
2023-10-19T04:00,18.6,91,0.02,2.6,1.0
2023-10-19T05:00,20.2,86,0.04,3.2,84.0
2023-10-19T06:00,23.3,57,0.16,1.1,268.0
2023-10-19T07:00,24.7,56,0.28,1.5,444.0
2023-10-19T08:00,25.7,52,0.41,4.6,600.0
2023-10-19T09:00,26.5,50,0.49,7.7,696.0
2023-10-19T10:00,26.9,49,0.51,9.0,717.0
2023-10-19T11:00,26.9,50,0.49,11.2,685.0
2023-10-19T12:00,26.4,52,0.43,13.8,579.0
2023-10-19T13:00,25.6,55,0.32,14.9,422.0
2023-10-19T14:00,24.7,59,0.20,13.8,234.0
2023-10-19T15:00,23.8,63,0.08,10.3,64.0
2023-10-19T16:00,23.0,67,0.03,8.0,0.0
2023-10-19T17:00,22.3,74,0.01,4.7,0.0
2023-10-19T18:00,21.5,81,0.00,3.6,0.0
2023-10-19T19:00,20.7,85,0.00,3.7,0.0
2023-10-19T20:00,20.3,84,0.00,5.4,0.0
2023-10-19T21:00,20.3,84,0.00,6.9,0.0
2023-10-19T22:00,20.2,81,0.00,3.7,0.0
2023-10-19T23:00,20.1,78,0.00,5.1,0.0
2023-10-20T00:00,20.0,76,0.01,6.5,0.0
2023-10-20T01:00,19.9,76,0.01,7.3,0.0
2023-10-20T02:00,19.4,78,0.01,6.2,0.0
2023-10-20T03:00,18.8,80,0.00,5.8,0.0
2023-10-20T04:00,18.5,83,0.03,5.8,1.0
2023-10-20T05:00,20.0,77,0.05,6.2,70.0
2023-10-20T06:00,22.8,68,0.16,6.6,227.0
2023-10-20T07:00,24.1,63,0.27,6.6,404.0
2023-10-20T08:00,25.1,57,0.38,8.2,553.0
2023-10-20T09:00,25.9,53,0.47,10.4,671.0
2023-10-20T10:00,26.1,53,0.47,11.8,670.0
2023-10-20T11:00,26.1,54,0.47,12.7,678.0
2023-10-20T12:00,25.7,56,0.41,12.7,582.0
2023-10-20T13:00,25.0,60,0.30,12.8,420.0
2023-10-20T14:00,24.2,63,0.19,13.6,238.0
2023-10-20T15:00,23.4,68,0.08,12.8,60.0
2023-10-20T16:00,22.7,72,0.03,9.7,0.0
2023-10-20T17:00,22.3,75,0.01,5.5,0.0
2023-10-20T18:00,22.1,77,0.00,4.9,0.0
2023-10-20T19:00,22.3,79,0.01,7.2,0.0
2023-10-20T20:00,22.1,81,0.01,7.1,0.0
2023-10-20T21:00,22.0,81,0.01,7.3,0.0
2023-10-20T22:00,21.8,82,0.02,10.8,0.0
2023-10-20T23:00,21.7,83,0.02,11.6,0.0
2023-10-21T00:00,21.6,83,0.01,10.3,0.0
2023-10-21T01:00,21.1,85,0.01,9.2,0.0
2023-10-21T02:00,20.8,87,0.00,6.9,0.0
2023-10-21T03:00,20.5,87,0.00,4.6,0.0
2023-10-21T04:00,20.8,86,0.03,7.8,0.0
2023-10-21T05:00,21.5,83,0.05,8.0,56.0
2023-10-21T06:00,23.0,71,0.13,5.8,186.0
2023-10-21T07:00,23.0,75,0.18,4.7,267.0
2023-10-21T08:00,24.1,67,0.25,1.8,361.0
2023-10-21T09:00,25.0,63,0.34,5.6,487.0
2023-10-21T10:00,24.8,62,0.34,13.5,454.0
2023-10-21T11:00,24.5,64,0.31,14.9,407.0
2023-10-21T12:00,24.5,63,0.30,15.0,391.0
2023-10-21T13:00,24.6,62,0.26,13.6,330.0
2023-10-21T14:00,24.3,62,0.17,12.7,196.0
2023-10-21T15:00,23.6,65,0.09,13.2,49.0
2023-10-21T16:00,23.0,68,0.05,13.4,0.0
2023-10-21T17:00,22.4,71,0.04,12.2,0.0
2023-10-21T18:00,22.0,74,0.03,10.8,0.0
2023-10-21T19:00,21.9,78,0.02,10.1,0.0
2023-10-21T20:00,21.6,80,0.02,9.9,0.0
2023-10-21T21:00,21.3,82,0.01,9.5,0.0
2023-10-21T22:00,21.0,83,0.01,8.1,0.0
2023-10-21T23:00,20.7,84,0.00,7.3,0.0
2023-10-22T00:00,20.1,87,0.00,5.9,0.0
2023-10-22T01:00,19.8,88,0.00,3.0,0.0
2023-10-22T02:00,19.9,88,0.00,2.3,0.0
2023-10-22T03:00,20.4,86,0.00,3.0,0.0
2023-10-22T04:00,20.6,84,0.02,2.5,0.0
2023-10-22T05:00,21.1,81,0.04,2.6,65.0
2023-10-22T06:00,22.4,70,0.13,4.1,204.0
2023-10-22T07:00,23.3,67,0.22,5.1,332.0
2023-10-22T08:00,24.5,60,0.35,6.2,518.0
2023-10-22T09:00,25.3,56,0.43,8.2,624.0
2023-10-22T10:00,25.8,54,0.46,10.6,656.0
2023-10-22T11:00,25.9,54,0.42,13.3,572.0
2023-10-22T12:00,25.3,57,0.35,15.0,456.0
2023-10-22T13:00,24.7,60,0.26,15.7,314.0
2023-10-22T14:00,24.1,62,0.18,15.2,187.0
2023-10-22T15:00,23.3,66,0.09,14.8,49.0
2023-10-22T16:00,22.6,70,0.05,14.0,0.0
2023-10-22T17:00,22.2,74,0.04,13.3,0.0
2023-10-22T18:00,21.7,77,0.03,11.6,0.0
2023-10-22T19:00,22.0,79,0.02,9.5,0.0
2023-10-22T20:00,21.7,81,0.01,8.8,0.0
2023-10-22T21:00,21.5,82,0.01,8.6,0.0
2023-10-22T22:00,21.2,84,0.01,9.5,0.0
2023-10-22T23:00,21.0,85,0.01,11.8,0.0
2023-10-23T00:00,20.8,86,0.01,12.3,0.0
2023-10-23T01:00,20.7,86,0.01,11.2,0.0
2023-10-23T02:00,20.5,86,0.01,9.7,0.0
2023-10-23T03:00,20.3,87,0.00,8.2,0.0
2023-10-23T04:00,19.8,89,0.02,6.7,0.0
2023-10-23T05:00,20.3,89,0.04,6.8,59.0
2023-10-23T06:00,22.9,75,0.13,4.4,190.0
2023-10-23T07:00,24.5,57,0.24,2.7,355.0
2023-10-23T08:00,25.9,51,0.37,8.5,505.0
2023-10-23T09:00,26.4,49,0.40,14.3,501.0
2023-10-23T10:00,25.4,56,0.37,14.5,479.0
2023-10-23T11:00,24.4,63,0.35,19.8,477.0
2023-10-23T12:00,23.9,66,0.33,16.7,497.0
2023-10-23T13:00,23.3,71,0.23,16.8,311.0
2023-10-23T14:00,22.6,75,0.14,14.8,169.0
2023-10-23T15:00,22.0,78,0.06,12.8,42.0
2023-10-23T16:00,21.6,79,0.02,9.4,0.0
2023-10-23T17:00,21.5,80,0.01,7.3,0.0
2023-10-23T18:00,21.2,81,0.00,4.3,0.0
2023-10-23T19:00,20.8,85,0.00,5.1,0.0
2023-10-23T20:00,20.4,86,0.00,6.4,0.0
2023-10-23T21:00,20.0,87,0.00,9.2,0.0
2023-10-23T22:00,20.1,86,0.00,6.8,0.0
2023-10-23T23:00,20.1,84,0.00,4.8,0.0
2023-10-24T00:00,20.5,81,0.00,4.1,0.0
2023-10-24T01:00,20.9,78,0.00,2.1,0.0
2023-10-24T02:00,21.0,77,0.00,1.5,0.0
2023-10-24T03:00,21.0,77,0.00,1.6,0.0
2023-10-24T04:00,21.0,78,0.02,1.3,0.0
2023-10-24T05:00,21.5,78,0.03,1.0,55.0
2023-10-24T06:00,22.9,73,0.13,4.3,201.0
2023-10-24T07:00,23.0,71,0.23,7.9,355.0
2023-10-24T08:00,23.6,68,0.30,9.2,444.0
2023-10-24T09:00,24.7,65,0.41,10.8,612.0
2023-10-24T10:00,24.9,66,0.39,9.8,576.0
2023-10-24T11:00,25.0,66,0.38,10.9,562.0
2023-10-24T12:00,24.9,67,0.33,13.2,474.0
2023-10-24T13:00,24.4,68,0.26,15.1,371.0
2023-10-24T14:00,23.7,71,0.15,17.7,158.0
2023-10-24T15:00,23.1,75,0.08,16.9,46.0
2023-10-24T16:00,22.7,78,0.04,15.9,0.0
2023-10-24T17:00,22.5,79,0.04,15.1,0.0
2023-10-24T18:00,22.4,80,0.03,14.4,0.0
2023-10-24T19:00,22.4,82,0.03,14.2,0.0
2023-10-24T20:00,22.1,84,0.02,15.0,0.0
2023-10-24T21:00,21.9,84,0.02,15.8,0.0
2023-10-24T22:00,21.7,85,0.02,15.5,0.0
2023-10-24T23:00,21.5,85,0.02,15.1,0.0
2023-10-25T00:00,21.3,84,0.02,13.6,0.0
2023-10-25T01:00,21.2,83,0.02,13.0,0.0
2023-10-25T02:00,21.0,81,0.02,13.3,0.0
2023-10-25T03:00,20.9,77,0.03,13.5,0.0
2023-10-25T04:00,20.6,74,0.06,13.2,0.0
2023-10-25T05:00,21.4,68,0.09,13.6,73.0
2023-10-25T06:00,24.0,54,0.21,12.3,247.0
2023-10-25T07:00,25.4,47,0.26,10.1,293.0
2023-10-25T08:00,27.8,37,0.42,9.0,541.0
2023-10-25T09:00,29.1,33,0.51,8.7,667.0
2023-10-25T10:00,30.2,30,0.56,13.4,673.0
2023-10-25T11:00,30.9,29,0.54,10.8,662.0
2023-10-25T12:00,31.0,31,0.43,7.9,530.0
2023-10-25T13:00,30.7,33,0.32,6.1,398.0
2023-10-25T14:00,30.0,36,0.20,7.3,202.0
2023-10-25T15:00,28.5,43,0.10,8.1,46.0
2023-10-25T16:00,26.8,58,0.05,8.7,0.0
2023-10-25T17:00,25.5,51,0.09,12.4,0.0
2023-10-25T18:00,25.1,48,0.10,13.2,0.0
2023-10-25T19:00,23.8,54,0.08,12.3,0.0
2023-10-25T20:00,23.7,52,0.09,12.3,0.0
2023-10-25T21:00,23.6,51,0.09,13.1,0.0
2023-10-25T22:00,23.4,51,0.10,14.3,0.0
2023-10-25T23:00,23.2,51,0.10,14.8,0.0
2023-10-26T00:00,23.2,51,0.11,16.0,0.0
2023-10-26T01:00,22.9,53,0.11,17.2,0.0
2023-10-26T02:00,22.7,54,0.11,18.0,0.0
2023-10-26T03:00,22.6,55,0.09,15.2,0.0
2023-10-26T04:00,22.3,56,0.09,14.8,0.0
2023-10-26T05:00,22.1,61,0.11,16.4,63.0
2023-10-26T06:00,22.8,62,0.18,16.7,205.0
2023-10-26T07:00,24.7,53,0.29,15.9,340.0
2023-10-26T08:00,26.7,42,0.41,15.3,488.0
2023-10-26T09:00,27.7,37,0.43,12.6,511.0
2023-10-26T10:00,28.4,35,0.47,10.5,588.0
2023-10-26T11:00,28.5,36,0.44,10.4,536.0
2023-10-26T12:00,28.0,40,0.37,7.1,485.0
2023-10-26T13:00,26.6,48,0.24,2.3,348.0
2023-10-26T14:00,25.4,57,0.13,2.9,188.0
2023-10-26T15:00,24.5,65,0.06,7.3,39.0
2023-10-26T16:00,23.8,70,0.02,6.8,0.0
2023-10-26T17:00,23.3,74,0.01,5.2,0.0
2023-10-26T18:00,22.9,76,0.00,4.0,0.0
2023-10-26T19:00,24.0,60,0.01,4.0,0.0
2023-10-26T20:00,23.2,67,0.01,5.0,0.0
2023-10-26T21:00,21.6,78,0.01,6.1,0.0
2023-10-26T22:00,21.5,79,0.01,7.9,0.0
2023-10-26T23:00,21.1,86,0.00,7.3,0.0
2023-10-27T00:00,20.8,90,0.00,8.4,0.0
2023-10-27T01:00,20.6,92,0.00,9.8,0.0
2023-10-27T02:00,19.9,94,0.00,9.1,0.0
2023-10-27T03:00,19.6,95,0.00,6.6,0.0
2023-10-27T04:00,19.4,95,0.00,5.1,0.0
2023-10-27T05:00,20.5,91,0.03,6.6,59.0
2023-10-27T06:00,22.5,79,0.13,6.9,199.0
2023-10-27T07:00,23.5,75,0.22,6.3,339.0
2023-10-27T08:00,24.7,68,0.33,6.6,489.0
2023-10-27T09:00,25.7,62,0.42,8.3,610.0
2023-10-27T10:00,26.3,59,0.46,10.8,665.0
2023-10-27T11:00,25.8,61,0.38,12.7,522.0
2023-10-27T12:00,25.8,61,0.36,14.3,491.0
2023-10-27T13:00,25.5,62,0.29,15.0,384.0
2023-10-27T14:00,24.8,66,0.18,15.2,201.0
2023-10-27T15:00,23.8,73,0.07,13.7,43.0
2023-10-27T16:00,23.3,77,0.03,12.9,0.0
2023-10-27T17:00,22.7,81,0.02,11.7,0.0
2023-10-27T18:00,22.3,84,0.01,10.9,0.0
2023-10-27T19:00,22.2,85,0.01,9.7,0.0
2023-10-27T20:00,21.9,87,0.00,9.0,0.0
2023-10-27T21:00,21.7,88,0.00,9.4,0.0
2023-10-27T22:00,21.4,90,0.00,5.9,0.0
2023-10-27T23:00,21.3,91,0.00,7.2,0.0
2023-10-28T00:00,21.1,92,0.00,9.1,0.0
2023-10-28T01:00,21.0,93,0.00,9.1,0.0
2023-10-28T02:00,21.1,93,0.00,10.0,0.0
2023-10-28T03:00,21.1,93,0.00,10.5,0.0
2023-10-28T04:00,20.8,94,0.00,9.2,0.0
2023-10-28T05:00,21.3,90,0.03,7.6,51.0
2023-10-28T06:00,22.9,78,0.13,5.4,206.0
2023-10-28T07:00,24.3,67,0.24,1.1,377.0
2023-10-28T08:00,25.7,57,0.36,2.7,540.0
2023-10-28T09:00,26.7,52,0.42,6.6,591.0
2023-10-28T10:00,27.3,49,0.48,11.3,658.0
2023-10-28T11:00,27.6,47,0.48,13.1,645.0
2023-10-28T12:00,27.3,49,0.41,15.6,519.0
2023-10-28T13:00,26.4,55,0.32,16.8,388.0
2023-10-28T14:00,25.2,63,0.19,16.4,200.0
2023-10-28T15:00,24.1,72,0.08,15.1,40.0
2023-10-28T16:00,23.4,78,0.04,14.3,0.0
2023-10-28T17:00,22.9,80,0.03,13.3,0.0
2023-10-28T18:00,22.6,80,0.02,11.6,0.0
2023-10-28T19:00,22.6,84,0.01,10.3,0.0
2023-10-28T20:00,22.3,84,0.01,9.0,0.0
2023-10-28T21:00,22.1,84,0.01,8.8,0.0
2023-10-28T22:00,21.9,85,0.00,5.4,0.0
2023-10-28T23:00,21.5,85,0.00,3.7,0.0
2023-10-29T00:00,21.1,86,0.00,3.6,0.0
2023-10-29T01:00,20.7,86,0.00,4.0,0.0
2023-10-29T02:00,20.4,86,0.00,4.3,0.0
2023-10-29T03:00,20.0,85,0.00,4.1,0.0
2023-10-29T04:00,19.7,85,0.00,3.6,0.0
2023-10-29T05:00,20.2,83,0.03,4.0,64.0
2023-10-29T06:00,24.0,64,0.14,1.8,239.0
2023-10-29T07:00,25.3,54,0.26,1.1,412.0
2023-10-29T08:00,26.8,46,0.39,3.1,571.0
2023-10-29T09:00,27.9,42,0.48,6.1,665.0
2023-10-29T10:00,28.7,40,0.52,9.9,695.0
2023-10-29T11:00,29.0,40,0.52,13.2,657.0
2023-10-29T12:00,28.9,41,0.47,16.2,555.0
2023-10-29T13:00,28.1,46,0.37,19.2,401.0
2023-10-29T14:00,26.8,54,0.24,19.7,212.0
2023-10-29T15:00,25.4,62,0.12,17.3,42.0
2023-10-29T16:00,24.4,66,0.07,16.0,0.0
2023-10-29T17:00,23.9,67,0.07,15.1,0.0
2023-10-29T18:00,23.6,66,0.06,13.4,0.0
2023-10-29T19:00,23.5,69,0.05,13.1,0.0
2023-10-29T20:00,22.9,73,0.02,7.8,0.0
2023-10-29T21:00,23.0,70,0.02,6.9,0.0
2023-10-29T22:00,22.2,75,0.01,5.7,0.0
2023-10-29T23:00,21.6,80,0.00,3.6,0.0
2023-10-30T00:00,20.7,87,0.00,2.2,0.0
2023-10-30T01:00,20.4,89,0.00,2.0,0.0
2023-10-30T02:00,20.2,90,0.00,2.6,0.0
2023-10-30T03:00,19.9,90,0.00,3.9,0.0
2023-10-30T04:00,19.5,92,0.00,5.8,0.0
2023-10-30T05:00,19.7,92,0.03,8.1,62.0
2023-10-30T06:00,22.7,77,0.15,8.6,229.0
2023-10-30T07:00,24.4,67,0.28,9.2,412.0
2023-10-30T08:00,25.7,59,0.39,9.7,561.0
2023-10-30T09:00,26.6,55,0.46,10.5,651.0
2023-10-30T10:00,27.0,53,0.49,11.9,678.0
2023-10-30T11:00,26.7,56,0.42,13.8,573.0
2023-10-30T12:00,26.0,61,0.36,15.0,485.0
2023-10-30T13:00,25.2,66,0.24,13.9,318.0
2023-10-30T14:00,24.4,71,0.14,12.1,155.0
2023-10-30T15:00,23.7,76,0.05,10.0,35.0
2023-10-30T16:00,23.1,80,0.01,8.2,0.0
2023-10-30T17:00,22.5,83,0.00,6.9,0.0
2023-10-30T18:00,22.2,84,0.00,5.5,0.0
2023-10-30T19:00,21.7,86,0.00,4.0,0.0
2023-10-30T20:00,21.0,90,0.00,3.4,0.0
2023-10-30T21:00,20.4,92,0.00,3.6,0.0
2023-10-30T22:00,19.9,91,0.00,2.9,0.0
2023-10-30T23:00,19.7,90,0.00,5.2,0.0
2023-10-31T00:00,19.3,89,0.00,5.8,0.0
2023-10-31T01:00,19.1,88,0.00,6.2,0.0
2023-10-31T02:00,19.0,88,0.00,6.7,0.0
2023-10-31T03:00,18.7,86,0.00,7.3,0.0
2023-10-31T04:00,18.8,85,0.00,8.0,0.0
2023-10-31T05:00,19.8,80,0.04,8.8,59.0
2023-10-31T06:00,22.0,67,0.15,8.1,227.0
2023-10-31T07:00,23.4,62,0.24,7.1,347.0
2023-10-31T08:00,24.2,57,0.32,7.5,468.0
2023-10-31T09:00,25.1,52,0.42,9.7,601.0
2023-10-31T10:00,25.3,51,0.43,11.3,609.0
2023-10-31T11:00,25.2,51,0.39,13.0,534.0
2023-10-31T12:00,24.7,54,0.33,14.3,431.0
2023-10-31T13:00,24.4,55,0.27,15.4,324.0
2023-10-31T14:00,23.7,58,0.18,15.8,186.0
2023-10-31T15:00,22.8,62,0.10,15.0,35.0
2023-10-31T16:00,22.1,66,0.06,13.1,0.0
2023-10-31T17:00,21.6,68,0.04,9.7,0.0
2023-10-31T18:00,21.1,71,0.02,7.0,0.0
2023-10-31T19:00,20.9,76,0.01,7.3,0.0
2023-10-31T20:00,21.1,73,0.01,5.1,0.0
2023-10-31T21:00,20.7,74,0.00,4.3,0.0
2023-10-31T22:00,20.2,76,0.01,7.0,0.0
2023-10-31T23:00,19.4,78,0.00,3.7,0.0